time_step,f0_,f1_
29119,2019-01-01T00:00:01Z,2019-01-01T00:14:40Z
29120,2019-01-01T00:14:43Z,2019-01-01T01:14:28Z
29121,2019-01-01T01:15:06Z,2019-01-01T02:07:03Z
29122,2019-01-01T02:07:07Z,2019-01-01T03:04:26Z
29123,2019-01-01T03:04:33Z,2019-01-01T04:06:43Z
29124,2019-01-01T04:06:54Z,2019-01-01T05:05:30Z
29125,2019-01-01T05:05:48Z,2019-01-01T06:05:06Z
29126,2019-01-01T06:05:31Z,2019-01-01T07:06:10Z
29127,2019-01-01T07:06:39Z,2019-01-01T08:11:10Z
29128,2019-01-01T08:11:50Z,2019-01-01T09:17:15Z
29129,2019-01-01T09:17:47Z,2019-01-01T10:18:05Z
29130,2019-01-01T10:18:14Z,2019-01-01T11:21:02Z
29131,2019-01-01T11:21:03Z,2019-01-01T12:22:08Z
29132,2019-01-01T12:22:16Z,2019-01-01T13:20:23Z
29133,2019-01-01T13:20:32Z,2019-01-01T14:16:14Z
29134,2019-01-01T14:16:18Z,2019-01-01T15:09:53Z
29135,2019-01-01T15:09:55Z,2019-01-01T16:08:10Z
29136,2019-01-01T16:08:44Z,2019-01-01T17:04:47Z
29137,2019-01-01T17:05:01Z,2019-01-01T18:00:55Z
29138,2019-01-01T18:01:16Z,2019-01-01T19:00:48Z
29139,2019-01-01T19:00:49Z,2019-01-01T19:54:01Z
29140,2019-01-01T19:54:19Z,2019-01-01T20:50:04Z
29141,2019-01-01T20:50:25Z,2019-01-01T21:47:22Z
29142,2019-01-01T21:47:30Z,2019-01-01T22:45:46Z
29143,2019-01-01T22:45:54Z,2019-01-01T23:48:46Z
29144,2019-01-01T23:48:52Z,2019-01-02T00:45:10Z
29145,2019-01-02T00:45:17Z,2019-01-02T01:42:22Z
29146,2019-01-02T01:43:06Z,2019-01-02T02:42:44Z
29147,2019-01-02T02:42:52Z,2019-01-02T03:37:56Z
29148,2019-01-02T03:38:16Z,2019-01-02T04:38:59Z
29149,2019-01-02T04:39:01Z,2019-01-02T05:34:39Z
29150,2019-01-02T05:35:00Z,2019-01-02T06:30:45Z
29151,2019-01-02T06:30:49Z,2019-01-02T07:33:06Z
29152,2019-01-02T07:33:40Z,2019-01-02T08:30:15Z
29153,2019-01-02T08:30:22Z,2019-01-02T09:32:42Z
29154,2019-01-02T09:32:47Z,2019-01-02T10:30:10Z
29155,2019-01-02T10:30:28Z,2019-01-02T11:27:01Z
29156,2019-01-02T11:27:06Z,2019-01-02T12:24:40Z
29157,2019-01-02T12:25:04Z,2019-01-02T13:26:01Z
29158,2019-01-02T13:26:39Z,2019-01-02T14:27:02Z
29159,2019-01-02T14:27:19Z,2019-01-02T15:25:39Z
29160,2019-01-02T15:25:40Z,2019-01-02T16:25:24Z
29161,2019-01-02T16:25:40Z,2019-01-02T17:21:27Z
29162,2019-01-02T17:21:36Z,2019-01-02T18:14:54Z
29163,2019-01-02T18:15:41Z,2019-01-02T19:09:43Z
29164,2019-01-02T19:10:05Z,2019-01-02T20:10:19Z
29165,2019-01-02T20:10:21Z,2019-01-02T21:06:26Z
29166,2019-01-02T21:06:44Z,2019-01-02T21:59:23Z
29167,2019-01-02T21:59:33Z,2019-01-02T23:06:37Z
29168,2019-01-02T23:07:08Z,2019-01-03T00:03:58Z
29169,2019-01-03T00:04:27Z,2019-01-03T01:06:43Z
29170,2019-01-03T01:06:59Z,2019-01-03T02:09:13Z
29171,2019-01-03T02:09:36Z,2019-01-03T03:09:34Z
29172,2019-01-03T03:10:50Z,2019-01-03T04:11:23Z
29173,2019-01-03T04:11:32Z,2019-01-03T05:11:11Z
29174,2019-01-03T05:11:36Z,2019-01-03T06:15:10Z
29175,2019-01-03T06:15:12Z,2019-01-03T07:18:32Z
29176,2019-01-03T07:18:43Z,2019-01-03T08:24:44Z
29177,2019-01-03T08:25:05Z,2019-01-03T09:27:32Z
29178,2019-01-03T09:28:08Z,2019-01-03T10:32:31Z
29179,2019-01-03T10:32:34Z,2019-01-03T11:30:04Z
29180,2019-01-03T11:30:34Z,2019-01-03T12:25:25Z
29181,2019-01-03T12:25:39Z,2019-01-03T13:25:33Z
29182,2019-01-03T13:25:35Z,2019-01-03T14:23:26Z
29183,2019-01-03T14:23:30Z,2019-01-03T15:29:21Z
29184,2019-01-03T15:29:25Z,2019-01-03T16:30:20Z
29185,2019-01-03T16:30:32Z,2019-01-03T17:31:25Z
29186,2019-01-03T17:31:31Z,2019-01-03T18:33:01Z
29187,2019-01-03T18:33:22Z,2019-01-03T19:33:11Z
29188,2019-01-03T19:33:20Z,2019-01-03T20:39:18Z
29189,2019-01-03T20:39:24Z,2019-01-03T21:40:14Z
29190,2019-01-03T21:40:24Z,2019-01-03T22:47:32Z
29191,2019-01-03T22:48:11Z,2019-01-03T23:47:52Z
29192,2019-01-03T23:48:22Z,2019-01-04T00:48:01Z
29193,2019-01-04T00:48:04Z,2019-01-04T01:44:21Z
29194,2019-01-04T01:44:34Z,2019-01-04T02:52:00Z
29195,2019-01-04T02:52:18Z,2019-01-04T03:56:28Z
29196,2019-01-04T03:57:05Z,2019-01-04T04:57:20Z
29197,2019-01-04T04:57:32Z,2019-01-04T05:59:15Z
29198,2019-01-04T05:59:18Z,2019-01-04T07:04:16Z
29199,2019-01-04T07:04:24Z,2019-01-04T08:06:25Z
29200,2019-01-04T08:06:36Z,2019-01-04T09:07:54Z
29201,2019-01-04T09:08:26Z,2019-01-04T10:10:15Z
29202,2019-01-04T10:10:19Z,2019-01-04T11:12:09Z
29203,2019-01-04T11:12:16Z,2019-01-04T12:16:13Z
29204,2019-01-04T12:16:19Z,2019-01-04T13:24:12Z
29205,2019-01-04T13:24:23Z,2019-01-04T14:24:21Z
29206,2019-01-04T14:24:37Z,2019-01-04T15:19:15Z
29207,2019-01-04T15:19:27Z,2019-01-04T16:32:30Z
29208,2019-01-04T16:33:10Z,2019-01-04T17:34:34Z
29209,2019-01-04T17:34:40Z,2019-01-04T18:37:36Z
29210,2019-01-04T18:38:03Z,2019-01-04T19:40:50Z
29211,2019-01-04T19:40:54Z,2019-01-04T20:39:29Z
29212,2019-01-04T20:40:13Z,2019-01-04T21:40:57Z
29213,2019-01-04T21:41:11Z,2019-01-04T22:43:02Z
29214,2019-01-04T22:43:06Z,2019-01-04T23:41:15Z
29215,2019-01-04T23:41:25Z,2019-01-05T00:45:17Z
29216,2019-01-05T00:45:21Z,2019-01-05T01:52:25Z
29217,2019-01-05T01:52:43Z,2019-01-05T02:59:15Z
29218,2019-01-05T02:59:27Z,2019-01-05T04:01:45Z
29219,2019-01-05T04:01:53Z,2019-01-05T05:05:14Z
29220,2019-01-05T05:05:16Z,2019-01-05T06:03:27Z
29221,2019-01-05T06:03:35Z,2019-01-05T07:00:12Z
29222,2019-01-05T07:00:18Z,2019-01-05T08:01:34Z
29223,2019-01-05T08:02:36Z,2019-01-05T09:02:01Z
29224,2019-01-05T09:02:11Z,2019-01-05T10:02:24Z
29225,2019-01-05T10:02:44Z,2019-01-05T11:05:04Z
29226,2019-01-05T11:05:05Z,2019-01-05T12:09:30Z
29227,2019-01-05T12:10:02Z,2019-01-05T13:07:13Z
29228,2019-01-05T13:08:01Z,2019-01-05T14:05:31Z
29229,2019-01-05T14:05:33Z,2019-01-05T15:02:26Z
29230,2019-01-05T15:02:50Z,2019-01-05T16:05:18Z
29231,2019-01-05T16:05:24Z,2019-01-05T17:12:25Z
29232,2019-01-05T17:13:14Z,2019-01-05T18:11:20Z
29233,2019-01-05T18:11:24Z,2019-01-05T19:19:42Z
29234,2019-01-05T19:19:47Z,2019-01-05T20:16:05Z
29235,2019-01-05T20:16:29Z,2019-01-05T21:14:07Z
29236,2019-01-05T21:14:38Z,2019-01-05T22:17:28Z
29237,2019-01-05T22:17:31Z,2019-01-05T23:12:49Z
29238,2019-01-05T23:13:05Z,2019-01-06T00:17:05Z
29239,2019-01-06T00:18:09Z,2019-01-06T01:19:37Z
29240,2019-01-06T01:20:14Z,2019-01-06T02:23:13Z
29241,2019-01-06T02:23:21Z,2019-01-06T03:25:17Z
29242,2019-01-06T03:25:24Z,2019-01-06T04:25:01Z
29243,2019-01-06T04:25:09Z,2019-01-06T05:26:27Z
29244,2019-01-06T05:26:32Z,2019-01-06T06:21:14Z
29245,2019-01-06T06:21:39Z,2019-01-06T07:27:44Z
29246,2019-01-06T07:27:49Z,2019-01-06T08:30:04Z
29247,2019-01-06T08:30:11Z,2019-01-06T09:31:33Z
29248,2019-01-06T09:32:44Z,2019-01-06T10:35:27Z
29249,2019-01-06T10:35:32Z,2019-01-06T11:38:19Z
29250,2019-01-06T11:38:21Z,2019-01-06T12:40:59Z
29251,2019-01-06T12:41:14Z,2019-01-06T13:47:07Z
29252,2019-01-06T13:47:21Z,2019-01-06T14:48:51Z
29253,2019-01-06T14:49:04Z,2019-01-06T15:51:58Z
29254,2019-01-06T15:52:28Z,2019-01-06T16:56:10Z
29255,2019-01-06T16:56:12Z,2019-01-06T17:54:00Z
29256,2019-01-06T17:54:21Z,2019-01-06T18:55:51Z
29257,2019-01-06T18:56:00Z,2019-01-06T19:55:19Z
29258,2019-01-06T19:55:38Z,2019-01-06T20:56:29Z
29259,2019-01-06T20:57:04Z,2019-01-06T22:00:46Z
29260,2019-01-06T22:01:01Z,2019-01-06T22:59:16Z
29261,2019-01-06T22:59:42Z,2019-01-07T00:01:30Z
29262,2019-01-07T00:01:40Z,2019-01-07T01:04:38Z
29263,2019-01-07T01:04:53Z,2019-01-07T02:09:17Z
29264,2019-01-07T02:09:29Z,2019-01-07T03:09:47Z
29265,2019-01-07T03:10:12Z,2019-01-07T04:14:50Z
29266,2019-01-07T04:15:11Z,2019-01-07T05:13:55Z
29267,2019-01-07T05:13:58Z,2019-01-07T06:20:25Z
29268,2019-01-07T06:20:30Z,2019-01-07T07:22:53Z
29269,2019-01-07T07:23:01Z,2019-01-07T08:23:51Z
29270,2019-01-07T08:24:00Z,2019-01-07T09:26:37Z
29271,2019-01-07T09:26:45Z,2019-01-07T10:20:00Z
29272,2019-01-07T10:20:05Z,2019-01-07T11:20:32Z
29273,2019-01-07T11:21:19Z,2019-01-07T12:17:30Z
29274,2019-01-07T12:17:36Z,2019-01-07T13:21:13Z
29275,2019-01-07T13:21:27Z,2019-01-07T14:22:13Z
29276,2019-01-07T14:22:24Z,2019-01-07T15:19:58Z
29277,2019-01-07T15:20:06Z,2019-01-07T16:20:09Z
29278,2019-01-07T16:20:37Z,2019-01-07T17:25:22Z
29279,2019-01-07T17:25:31Z,2019-01-07T18:26:07Z
29280,2019-01-07T18:26:21Z,2019-01-07T19:29:00Z
29281,2019-01-07T19:29:07Z,2019-01-07T20:29:09Z
29282,2019-01-07T20:29:18Z,2019-01-07T21:30:30Z
29283,2019-01-07T21:30:34Z,2019-01-07T22:30:54Z
29284,2019-01-07T22:30:59Z,2019-01-07T23:35:36Z
29285,2019-01-07T23:35:49Z,2019-01-08T00:34:24Z
29286,2019-01-08T00:34:37Z,2019-01-08T01:38:33Z
29287,2019-01-08T01:38:53Z,2019-01-08T02:45:11Z
29288,2019-01-08T02:45:32Z,2019-01-08T03:51:01Z
29289,2019-01-08T03:51:12Z,2019-01-08T04:56:41Z
29290,2019-01-08T04:57:05Z,2019-01-08T05:58:48Z
29291,2019-01-08T05:58:54Z,2019-01-08T07:00:07Z
29292,2019-01-08T07:00:15Z,2019-01-08T08:03:59Z
29293,2019-01-08T08:04:36Z,2019-01-08T09:04:35Z
29294,2019-01-08T09:04:49Z,2019-01-08T10:05:33Z
29295,2019-01-08T10:05:37Z,2019-01-08T11:06:17Z
29296,2019-01-08T11:06:20Z,2019-01-08T12:01:38Z
29297,2019-01-08T12:01:56Z,2019-01-08T12:58:48Z
29298,2019-01-08T12:58:52Z,2019-01-08T14:00:16Z
29299,2019-01-08T14:01:07Z,2019-01-08T15:08:39Z
29300,2019-01-08T15:09:18Z,2019-01-08T16:12:07Z
29301,2019-01-08T16:12:34Z,2019-01-08T17:19:13Z
29302,2019-01-08T17:19:44Z,2019-01-08T18:22:32Z
29303,2019-01-08T18:22:44Z,2019-01-08T19:22:02Z
29304,2019-01-08T19:22:06Z,2019-01-08T20:29:25Z
29305,2019-01-08T20:29:31Z,2019-01-08T21:25:35Z
29306,2019-01-08T21:26:10Z,2019-01-08T22:30:04Z
29307,2019-01-08T22:30:12Z,2019-01-08T23:28:40Z
29308,2019-01-08T23:28:45Z,2019-01-09T00:26:32Z
29309,2019-01-09T00:26:42Z,2019-01-09T01:31:44Z
29310,2019-01-09T01:31:46Z,2019-01-09T02:34:47Z
29311,2019-01-09T02:34:55Z,2019-01-09T03:31:53Z
29312,2019-01-09T03:31:57Z,2019-01-09T04:35:11Z
29313,2019-01-09T04:35:14Z,2019-01-09T05:33:50Z
29314,2019-01-09T05:33:53Z,2019-01-09T06:33:23Z
29315,2019-01-09T06:33:29Z,2019-01-09T07:36:27Z
29316,2019-01-09T07:36:48Z,2019-01-09T08:41:32Z
29317,2019-01-09T08:41:35Z,2019-01-09T09:39:48Z
29318,2019-01-09T09:40:13Z,2019-01-09T10:42:56Z
29319,2019-01-09T10:43:04Z,2019-01-09T11:51:42Z
29320,2019-01-09T11:51:57Z,2019-01-09T12:53:52Z
29321,2019-01-09T12:54:32Z,2019-01-09T13:55:18Z
29322,2019-01-09T13:55:21Z,2019-01-09T14:54:57Z
29323,2019-01-09T14:55:05Z,2019-01-09T15:59:43Z
29324,2019-01-09T16:00:17Z,2019-01-09T16:58:25Z
29325,2019-01-09T16:58:41Z,2019-01-09T17:59:30Z
29326,2019-01-09T17:59:38Z,2019-01-09T19:00:31Z
29327,2019-01-09T19:00:42Z,2019-01-09T20:04:11Z
29328,2019-01-09T20:04:15Z,2019-01-09T21:02:01Z
29329,2019-01-09T21:02:14Z,2019-01-09T22:05:30Z
29330,2019-01-09T22:05:39Z,2019-01-09T23:07:50Z
29331,2019-01-09T23:08:12Z,2019-01-10T00:06:38Z
29332,2019-01-10T00:06:54Z,2019-01-10T01:11:45Z
29333,2019-01-10T01:11:46Z,2019-01-10T02:21:23Z
29334,2019-01-10T02:21:57Z,2019-01-10T03:17:39Z
29335,2019-01-10T03:17:49Z,2019-01-10T04:18:20Z
29336,2019-01-10T04:18:23Z,2019-01-10T05:24:48Z
29337,2019-01-10T05:24:50Z,2019-01-10T06:30:07Z
29338,2019-01-10T06:30:14Z,2019-01-10T07:32:17Z
29339,2019-01-10T07:33:04Z,2019-01-10T08:30:41Z
29340,2019-01-10T08:30:45Z,2019-01-10T09:33:05Z
29341,2019-01-10T09:33:29Z,2019-01-10T10:44:10Z
29342,2019-01-10T10:44:21Z,2019-01-10T11:36:03Z
29343,2019-01-10T11:36:23Z,2019-01-10T12:38:17Z
29344,2019-01-10T12:38:52Z,2019-01-10T13:40:37Z
29345,2019-01-10T13:40:47Z,2019-01-10T14:44:03Z
29346,2019-01-10T14:44:42Z,2019-01-10T15:42:15Z
29347,2019-01-10T15:42:41Z,2019-01-10T16:49:41Z
29348,2019-01-10T16:50:03Z,2019-01-10T17:52:30Z
29349,2019-01-10T17:52:36Z,2019-01-10T18:51:18Z
29350,2019-01-10T18:51:21Z,2019-01-10T19:51:08Z
29351,2019-01-10T19:52:26Z,2019-01-10T20:51:30Z
29352,2019-01-10T20:51:43Z,2019-01-10T21:52:05Z
29353,2019-01-10T21:52:32Z,2019-01-10T22:52:55Z
29354,2019-01-10T22:53:04Z,2019-01-10T23:53:12Z
29355,2019-01-10T23:53:26Z,2019-01-11T00:55:58Z
29356,2019-01-11T00:56:06Z,2019-01-11T01:58:33Z
29357,2019-01-11T01:58:37Z,2019-01-11T02:58:47Z
29358,2019-01-11T02:58:50Z,2019-01-11T04:03:27Z
29359,2019-01-11T04:03:43Z,2019-01-11T05:04:11Z
29360,2019-01-11T05:04:14Z,2019-01-11T06:09:04Z
29361,2019-01-11T06:09:21Z,2019-01-11T07:10:07Z
29362,2019-01-11T07:10:26Z,2019-01-11T08:13:51Z
29363,2019-01-11T08:14:26Z,2019-01-11T09:20:33Z
29364,2019-01-11T09:20:52Z,2019-01-11T10:18:53Z
29365,2019-01-11T10:19:09Z,2019-01-11T11:18:06Z
29366,2019-01-11T11:18:24Z,2019-01-11T12:23:25Z
29367,2019-01-11T12:23:39Z,2019-01-11T13:26:14Z
29368,2019-01-11T13:26:21Z,2019-01-11T14:27:50Z
29369,2019-01-11T14:28:04Z,2019-01-11T15:27:15Z
29370,2019-01-11T15:27:25Z,2019-01-11T16:27:25Z
29371,2019-01-11T16:27:26Z,2019-01-11T17:35:33Z
29372,2019-01-11T17:35:55Z,2019-01-11T18:35:33Z
29373,2019-01-11T18:35:36Z,2019-01-11T19:34:53Z
29374,2019-01-11T19:34:57Z,2019-01-11T20:39:06Z
29375,2019-01-11T20:39:08Z,2019-01-11T21:40:01Z
29376,2019-01-11T21:40:29Z,2019-01-11T22:43:41Z
29377,2019-01-11T22:43:53Z,2019-01-11T23:44:11Z
29378,2019-01-11T23:44:28Z,2019-01-12T00:43:54Z
29379,2019-01-12T00:43:59Z,2019-01-12T01:46:26Z
29380,2019-01-12T01:46:33Z,2019-01-12T02:51:20Z
29381,2019-01-12T02:51:24Z,2019-01-12T03:49:55Z
29382,2019-01-12T03:50:15Z,2019-01-12T04:55:12Z
29383,2019-01-12T04:55:30Z,2019-01-12T05:54:10Z
29384,2019-01-12T05:54:13Z,2019-01-12T06:56:04Z
29385,2019-01-12T06:56:21Z,2019-01-12T07:57:24Z
29386,2019-01-12T07:57:40Z,2019-01-12T09:02:00Z
29387,2019-01-12T09:02:45Z,2019-01-12T10:00:23Z
29388,2019-01-12T10:00:30Z,2019-01-12T10:55:59Z
29389,2019-01-12T10:56:02Z,2019-01-12T11:57:06Z
29390,2019-01-12T11:58:00Z,2019-01-12T12:56:55Z
29391,2019-01-12T12:57:19Z,2019-01-12T14:07:20Z
29392,2019-01-12T14:07:40Z,2019-01-12T15:13:19Z
29393,2019-01-12T15:13:40Z,2019-01-12T16:19:30Z
29394,2019-01-12T16:19:35Z,2019-01-12T17:17:56Z
29395,2019-01-12T17:17:59Z,2019-01-12T18:18:01Z
29396,2019-01-12T18:18:04Z,2019-01-12T19:22:49Z
29397,2019-01-12T19:22:51Z,2019-01-12T20:30:12Z
29398,2019-01-12T20:30:17Z,2019-01-12T21:26:50Z
29399,2019-01-12T21:27:05Z,2019-01-12T22:28:25Z
29400,2019-01-12T22:28:37Z,2019-01-12T23:33:53Z
29401,2019-01-12T23:34:04Z,2019-01-13T00:37:12Z
29402,2019-01-13T00:37:13Z,2019-01-13T01:30:00Z
29403,2019-01-13T01:30:03Z,2019-01-13T02:27:11Z
29404,2019-01-13T02:27:26Z,2019-01-13T03:30:43Z
29405,2019-01-13T03:30:44Z,2019-01-13T04:36:00Z
29406,2019-01-13T04:36:03Z,2019-01-13T05:34:42Z
29407,2019-01-13T05:34:51Z,2019-01-13T06:35:28Z
29408,2019-01-13T06:35:36Z,2019-01-13T07:38:38Z
29409,2019-01-13T07:38:40Z,2019-01-13T08:36:13Z
29410,2019-01-13T08:36:16Z,2019-01-13T09:41:08Z
29411,2019-01-13T09:42:08Z,2019-01-13T10:47:22Z
29412,2019-01-13T10:47:37Z,2019-01-13T11:47:51Z
29413,2019-01-13T11:47:52Z,2019-01-13T12:56:27Z
29414,2019-01-13T12:57:15Z,2019-01-13T13:56:34Z
29415,2019-01-13T13:56:42Z,2019-01-13T14:58:17Z
29416,2019-01-13T14:59:01Z,2019-01-13T16:00:40Z
29417,2019-01-13T16:01:06Z,2019-01-13T17:09:12Z
29418,2019-01-13T17:09:58Z,2019-01-13T18:10:43Z
29419,2019-01-13T18:11:07Z,2019-01-13T19:14:28Z
29420,2019-01-13T19:15:08Z,2019-01-13T20:09:04Z
29421,2019-01-13T20:09:10Z,2019-01-13T21:06:21Z
29422,2019-01-13T21:06:38Z,2019-01-13T22:04:44Z
29423,2019-01-13T22:05:18Z,2019-01-13T23:05:32Z
29424,2019-01-13T23:05:34Z,2019-01-14T00:05:21Z
29425,2019-01-14T00:05:33Z,2019-01-14T01:09:20Z
29426,2019-01-14T01:09:40Z,2019-01-14T02:11:04Z
29427,2019-01-14T02:11:15Z,2019-01-14T03:17:33Z
29428,2019-01-14T03:17:35Z,2019-01-14T04:14:56Z
29429,2019-01-14T04:15:02Z,2019-01-14T05:18:42Z
29430,2019-01-14T05:18:56Z,2019-01-14T06:18:02Z
29431,2019-01-14T06:18:34Z,2019-01-14T07:14:50Z
29432,2019-01-14T07:15:15Z,2019-01-14T08:21:34Z
29433,2019-01-14T08:21:43Z,2019-01-14T09:23:10Z
29434,2019-01-14T09:23:16Z,2019-01-14T10:25:34Z
29435,2019-01-14T10:25:37Z,2019-01-14T11:32:29Z
29436,2019-01-14T11:32:34Z,2019-01-14T12:32:02Z
29437,2019-01-14T12:32:08Z,2019-01-14T13:31:31Z
29438,2019-01-14T13:31:32Z,2019-01-14T14:33:48Z
29439,2019-01-14T14:33:51Z,2019-01-14T15:36:33Z
29440,2019-01-14T15:37:09Z,2019-01-14T16:35:07Z
29441,2019-01-14T16:35:16Z,2019-01-14T17:38:28Z
29442,2019-01-14T17:38:47Z,2019-01-14T18:40:01Z
29443,2019-01-14T18:40:22Z,2019-01-14T19:40:25Z
29444,2019-01-14T19:40:33Z,2019-01-14T20:43:37Z
29445,2019-01-14T20:43:58Z,2019-01-14T21:43:31Z
29446,2019-01-14T21:43:36Z,2019-01-14T22:37:05Z
29447,2019-01-14T22:37:06Z,2019-01-14T23:42:10Z
29448,2019-01-14T23:42:55Z,2019-01-15T00:35:36Z
29449,2019-01-15T00:35:38Z,2019-01-15T01:35:05Z
29450,2019-01-15T01:35:52Z,2019-01-15T02:40:09Z
29451,2019-01-15T02:40:30Z,2019-01-15T03:36:45Z
29452,2019-01-15T03:37:11Z,2019-01-15T04:43:32Z
29453,2019-01-15T04:43:46Z,2019-01-15T05:45:13Z
29454,2019-01-15T05:45:14Z,2019-01-15T06:41:29Z
29455,2019-01-15T06:41:56Z,2019-01-15T07:45:15Z
29456,2019-01-15T07:45:22Z,2019-01-15T08:48:38Z
29457,2019-01-15T08:48:52Z,2019-01-15T09:55:01Z
29458,2019-01-15T09:55:10Z,2019-01-15T11:00:43Z
29459,2019-01-15T11:01:34Z,2019-01-15T12:05:32Z
29460,2019-01-15T12:05:38Z,2019-01-15T13:12:41Z
29461,2019-01-15T13:12:44Z,2019-01-15T14:03:12Z
29462,2019-01-15T14:03:47Z,2019-01-15T15:06:02Z
29463,2019-01-15T15:06:15Z,2019-01-15T16:11:55Z
29464,2019-01-15T16:11:58Z,2019-01-15T17:12:09Z
29465,2019-01-15T17:12:14Z,2019-01-15T18:15:08Z
29466,2019-01-15T18:15:17Z,2019-01-15T19:14:38Z
29467,2019-01-15T19:14:52Z,2019-01-15T20:13:35Z
29468,2019-01-15T20:14:07Z,2019-01-15T21:21:01Z
29469,2019-01-15T21:21:19Z,2019-01-15T22:17:21Z
29470,2019-01-15T22:17:36Z,2019-01-15T23:21:03Z
29471,2019-01-15T23:21:11Z,2019-01-16T00:15:54Z
29472,2019-01-16T00:15:56Z,2019-01-16T01:18:37Z
29473,2019-01-16T01:18:38Z,2019-01-16T02:23:49Z
29474,2019-01-16T02:23:59Z,2019-01-16T03:31:00Z
29475,2019-01-16T03:31:03Z,2019-01-16T04:33:21Z
29476,2019-01-16T04:33:37Z,2019-01-16T05:31:32Z
29477,2019-01-16T05:32:06Z,2019-01-16T06:35:37Z
29478,2019-01-16T06:35:57Z,2019-01-16T07:37:51Z
29479,2019-01-16T07:38:10Z,2019-01-16T08:43:12Z
29480,2019-01-16T08:43:48Z,2019-01-16T09:49:05Z
29481,2019-01-16T09:49:21Z,2019-01-16T10:57:55Z
29482,2019-01-16T10:58:02Z,2019-01-16T11:59:22Z
29483,2019-01-16T11:59:34Z,2019-01-16T13:06:12Z
29484,2019-01-16T13:06:31Z,2019-01-16T14:09:00Z
29485,2019-01-16T14:09:02Z,2019-01-16T15:07:43Z
29486,2019-01-16T15:07:45Z,2019-01-16T16:04:51Z
29487,2019-01-16T16:05:20Z,2019-01-16T17:04:28Z
29488,2019-01-16T17:04:50Z,2019-01-16T17:58:11Z
29489,2019-01-16T17:58:18Z,2019-01-16T18:59:52Z
29490,2019-01-16T19:00:29Z,2019-01-16T20:02:29Z
29491,2019-01-16T20:02:48Z,2019-01-16T21:11:09Z
29492,2019-01-16T21:11:12Z,2019-01-16T22:10:50Z
29493,2019-01-16T22:11:00Z,2019-01-16T23:10:27Z
29494,2019-01-16T23:10:46Z,2019-01-17T00:12:25Z
29495,2019-01-17T00:12:45Z,2019-01-17T01:15:45Z
29496,2019-01-17T01:15:56Z,2019-01-17T02:22:33Z
29497,2019-01-17T02:22:56Z,2019-01-17T03:21:32Z
29498,2019-01-17T03:21:33Z,2019-01-17T04:21:26Z
29499,2019-01-17T04:21:44Z,2019-01-17T05:23:11Z
29500,2019-01-17T05:23:39Z,2019-01-17T06:32:30Z
29501,2019-01-17T06:32:46Z,2019-01-17T07:34:23Z
29502,2019-01-17T07:34:30Z,2019-01-17T08:34:28Z
29503,2019-01-17T08:34:56Z,2019-01-17T09:37:26Z
29504,2019-01-17T09:37:45Z,2019-01-17T10:37:13Z
29505,2019-01-17T10:37:39Z,2019-01-17T11:40:46Z
29506,2019-01-17T11:41:37Z,2019-01-17T12:45:05Z
29507,2019-01-17T12:46:03Z,2019-01-17T13:48:55Z
29508,2019-01-17T13:48:59Z,2019-01-17T14:47:11Z
29509,2019-01-17T14:47:23Z,2019-01-17T15:49:56Z
29510,2019-01-17T15:50:14Z,2019-01-17T16:52:16Z
29511,2019-01-17T16:52:34Z,2019-01-17T17:52:46Z
29512,2019-01-17T17:53:10Z,2019-01-17T18:50:40Z
29513,2019-01-17T18:50:54Z,2019-01-17T19:45:44Z
29514,2019-01-17T19:45:46Z,2019-01-17T20:46:15Z
29515,2019-01-17T20:46:19Z,2019-01-17T21:49:39Z
29516,2019-01-17T21:49:42Z,2019-01-17T23:02:11Z
29517,2019-01-17T23:02:18Z,2019-01-18T00:05:00Z
29518,2019-01-18T00:05:02Z,2019-01-18T01:09:30Z
29519,2019-01-18T01:09:32Z,2019-01-18T02:05:02Z
29520,2019-01-18T02:05:04Z,2019-01-18T03:04:06Z
29521,2019-01-18T03:04:25Z,2019-01-18T04:00:31Z
29522,2019-01-18T04:00:46Z,2019-01-18T05:06:47Z
29523,2019-01-18T05:06:51Z,2019-01-18T06:08:39Z
29524,2019-01-18T06:08:43Z,2019-01-18T07:09:37Z
29525,2019-01-18T07:09:53Z,2019-01-18T08:11:21Z
29526,2019-01-18T08:11:23Z,2019-01-18T09:12:10Z
29527,2019-01-18T09:12:11Z,2019-01-18T10:17:20Z
29528,2019-01-18T10:17:46Z,2019-01-18T11:13:03Z
29529,2019-01-18T11:13:04Z,2019-01-18T12:17:58Z
29530,2019-01-18T12:18:01Z,2019-01-18T13:21:32Z
29531,2019-01-18T13:21:38Z,2019-01-18T14:24:51Z
29532,2019-01-18T14:25:21Z,2019-01-18T15:31:21Z
29533,2019-01-18T15:31:29Z,2019-01-18T16:32:28Z
29534,2019-01-18T16:33:20Z,2019-01-18T17:31:52Z
29535,2019-01-18T17:32:11Z,2019-01-18T18:34:58Z
29536,2019-01-18T18:35:23Z,2019-01-18T19:35:56Z
29537,2019-01-18T19:35:57Z,2019-01-18T20:29:49Z
29538,2019-01-18T20:30:07Z,2019-01-18T21:26:50Z
29539,2019-01-18T21:26:51Z,2019-01-18T22:30:54Z
29540,2019-01-18T22:30:55Z,2019-01-18T23:34:33Z
29541,2019-01-18T23:34:35Z,2019-01-19T00:41:02Z
29542,2019-01-19T00:41:30Z,2019-01-19T01:42:31Z
29543,2019-01-19T01:42:41Z,2019-01-19T02:48:51Z
29544,2019-01-19T02:48:52Z,2019-01-19T03:43:38Z
29545,2019-01-19T03:43:42Z,2019-01-19T04:40:45Z
29546,2019-01-19T04:40:55Z,2019-01-19T05:46:52Z
29547,2019-01-19T05:47:17Z,2019-01-19T06:44:22Z
29548,2019-01-19T06:44:51Z,2019-01-19T07:45:10Z
29549,2019-01-19T07:45:21Z,2019-01-19T08:49:08Z
29550,2019-01-19T08:49:17Z,2019-01-19T09:48:37Z
29551,2019-01-19T09:48:44Z,2019-01-19T10:48:30Z
29552,2019-01-19T10:48:48Z,2019-01-19T11:45:03Z
29553,2019-01-19T11:45:29Z,2019-01-19T12:43:41Z
29554,2019-01-19T12:43:46Z,2019-01-19T13:42:21Z
29555,2019-01-19T13:42:36Z,2019-01-19T14:39:12Z
29556,2019-01-19T14:39:31Z,2019-01-19T15:38:09Z
29557,2019-01-19T15:38:21Z,2019-01-19T16:42:14Z
29558,2019-01-19T16:42:17Z,2019-01-19T17:42:24Z
29559,2019-01-19T17:42:27Z,2019-01-19T18:45:56Z
29560,2019-01-19T18:45:58Z,2019-01-19T19:58:23Z
29561,2019-01-19T19:58:26Z,2019-01-19T20:55:11Z
29562,2019-01-19T20:55:29Z,2019-01-19T21:51:53Z
29563,2019-01-19T21:51:59Z,2019-01-19T22:57:52Z
29564,2019-01-19T22:57:55Z,2019-01-19T23:58:43Z
29565,2019-01-19T23:58:44Z,2019-01-20T00:58:19Z
29566,2019-01-20T00:58:39Z,2019-01-20T02:02:37Z
29567,2019-01-20T02:02:43Z,2019-01-20T03:02:34Z
29568,2019-01-20T03:02:49Z,2019-01-20T04:04:41Z
29569,2019-01-20T04:05:28Z,2019-01-20T05:06:18Z
29570,2019-01-20T05:06:48Z,2019-01-20T06:09:08Z
29571,2019-01-20T06:09:19Z,2019-01-20T07:08:15Z
29572,2019-01-20T07:08:35Z,2019-01-20T08:07:00Z
29573,2019-01-20T08:07:23Z,2019-01-20T09:15:26Z
29574,2019-01-20T09:15:34Z,2019-01-20T10:13:43Z
29575,2019-01-20T10:13:55Z,2019-01-20T11:18:32Z
29576,2019-01-20T11:18:42Z,2019-01-20T12:18:59Z
29577,2019-01-20T12:19:06Z,2019-01-20T13:24:48Z
29578,2019-01-20T13:25:07Z,2019-01-20T14:24:46Z
29579,2019-01-20T14:25:01Z,2019-01-20T15:26:26Z
29580,2019-01-20T15:26:28Z,2019-01-20T16:32:55Z
29581,2019-01-20T16:32:59Z,2019-01-20T17:34:46Z
29582,2019-01-20T17:34:56Z,2019-01-20T18:31:56Z
29583,2019-01-20T18:32:03Z,2019-01-20T19:30:44Z
29584,2019-01-20T19:30:55Z,2019-01-20T20:30:40Z
29585,2019-01-20T20:30:44Z,2019-01-20T21:29:24Z
29586,2019-01-20T21:29:52Z,2019-01-20T22:32:34Z
29587,2019-01-20T22:32:36Z,2019-01-20T23:35:33Z
29588,2019-01-20T23:36:02Z,2019-01-21T00:43:47Z
29589,2019-01-21T00:43:57Z,2019-01-21T01:53:40Z
29590,2019-01-21T01:53:43Z,2019-01-21T02:59:28Z
29591,2019-01-21T02:59:29Z,2019-01-21T04:05:58Z
29592,2019-01-21T04:06:39Z,2019-01-21T05:14:31Z
29593,2019-01-21T05:14:32Z,2019-01-21T06:19:27Z
29594,2019-01-21T06:19:30Z,2019-01-21T07:33:56Z
29595,2019-01-21T07:34:06Z,2019-01-21T08:43:33Z
29596,2019-01-21T08:43:51Z,2019-01-21T09:51:44Z
29597,2019-01-21T09:51:59Z,2019-01-21T11:03:10Z
29598,2019-01-21T11:03:26Z,2019-01-21T12:10:27Z
29599,2019-01-21T12:10:40Z,2019-01-21T13:17:12Z
29600,2019-01-21T13:17:31Z,2019-01-21T14:29:59Z
29601,2019-01-21T14:30:33Z,2019-01-21T15:35:48Z
29602,2019-01-21T15:36:00Z,2019-01-21T16:46:33Z
29603,2019-01-21T16:47:06Z,2019-01-21T17:54:16Z
29604,2019-01-21T17:54:38Z,2019-01-21T19:02:19Z
29605,2019-01-21T19:02:20Z,2019-01-21T20:08:41Z
29606,2019-01-21T20:09:08Z,2019-01-21T21:12:14Z
29607,2019-01-21T21:12:20Z,2019-01-21T22:17:32Z
29608,2019-01-21T22:17:41Z,2019-01-21T23:23:52Z
29609,2019-01-21T23:23:56Z,2019-01-22T00:29:37Z
29610,2019-01-22T00:30:01Z,2019-01-22T01:39:48Z
29611,2019-01-22T01:40:02Z,2019-01-22T02:46:04Z
29612,2019-01-22T02:46:18Z,2019-01-22T03:49:56Z
29613,2019-01-22T03:50:08Z,2019-01-22T04:58:17Z
29614,2019-01-22T04:58:36Z,2019-01-22T06:06:41Z
29615,2019-01-22T06:06:51Z,2019-01-22T07:14:34Z
29616,2019-01-22T07:15:14Z,2019-01-22T08:27:06Z
29617,2019-01-22T08:27:12Z,2019-01-22T09:34:42Z
29618,2019-01-22T09:35:05Z,2019-01-22T10:41:36Z
29619,2019-01-22T10:41:46Z,2019-01-22T11:55:22Z
29620,2019-01-22T11:55:24Z,2019-01-22T13:00:02Z
29621,2019-01-22T13:00:14Z,2019-01-22T14:13:31Z
29622,2019-01-22T14:13:48Z,2019-01-22T15:17:00Z
29623,2019-01-22T15:17:04Z,2019-01-22T16:24:23Z
29624,2019-01-22T16:24:41Z,2019-01-22T17:36:20Z
29625,2019-01-22T17:36:32Z,2019-01-22T18:47:52Z
29626,2019-01-22T18:48:00Z,2019-01-22T19:49:23Z
29627,2019-01-22T19:49:30Z,2019-01-22T20:55:26Z
29628,2019-01-22T20:55:41Z,2019-01-22T22:03:46Z
29629,2019-01-22T22:04:01Z,2019-01-22T23:13:31Z
29630,2019-01-22T23:13:46Z,2019-01-23T00:17:52Z
29631,2019-01-23T00:17:55Z,2019-01-23T01:34:19Z
29632,2019-01-23T01:34:44Z,2019-01-23T02:47:20Z
29633,2019-01-23T02:47:28Z,2019-01-23T03:56:43Z
29634,2019-01-23T03:56:56Z,2019-01-23T05:05:43Z
29635,2019-01-23T05:06:06Z,2019-01-23T06:21:29Z
29636,2019-01-23T06:21:37Z,2019-01-23T07:30:35Z
29637,2019-01-23T07:30:46Z,2019-01-23T08:39:25Z
29638,2019-01-23T08:39:44Z,2019-01-23T09:50:50Z
29639,2019-01-23T09:50:53Z,2019-01-23T10:54:36Z
29640,2019-01-23T10:54:40Z,2019-01-23T12:03:01Z
29641,2019-01-23T12:03:06Z,2019-01-23T13:19:53Z
29642,2019-01-23T13:20:01Z,2019-01-23T14:30:43Z
29643,2019-01-23T14:30:56Z,2019-01-23T15:34:54Z
29644,2019-01-23T15:34:56Z,2019-01-23T16:37:55Z
29645,2019-01-23T16:38:16Z,2019-01-23T17:39:06Z
29646,2019-01-23T17:39:19Z,2019-01-23T18:45:18Z
29647,2019-01-23T18:45:40Z,2019-01-23T19:59:52Z
29648,2019-01-23T19:59:57Z,2019-01-23T21:07:47Z
29649,2019-01-23T21:07:50Z,2019-01-23T22:17:05Z
29650,2019-01-23T22:17:36Z,2019-01-23T23:23:13Z
29651,2019-01-23T23:23:25Z,2019-01-24T00:34:02Z
29652,2019-01-24T00:34:47Z,2019-01-24T01:43:07Z
29653,2019-01-24T01:43:56Z,2019-01-24T02:50:29Z
29654,2019-01-24T02:50:32Z,2019-01-24T04:02:36Z
29655,2019-01-24T04:02:44Z,2019-01-24T05:06:41Z
29656,2019-01-24T05:07:17Z,2019-01-24T06:10:38Z
29657,2019-01-24T06:10:51Z,2019-01-24T07:22:34Z
29658,2019-01-24T07:22:40Z,2019-01-24T08:25:00Z
29659,2019-01-24T08:25:09Z,2019-01-24T09:27:01Z
29660,2019-01-24T09:27:05Z,2019-01-24T10:41:08Z
29661,2019-01-24T10:41:10Z,2019-01-24T11:49:43Z
29662,2019-01-24T11:50:05Z,2019-01-24T13:01:12Z
29663,2019-01-24T13:01:15Z,2019-01-24T14:09:54Z
29664,2019-01-24T14:09:56Z,2019-01-24T15:10:42Z
29665,2019-01-24T15:10:53Z,2019-01-24T16:20:18Z
29666,2019-01-24T16:20:31Z,2019-01-24T17:30:55Z
29667,2019-01-24T17:31:09Z,2019-01-24T18:40:21Z
29668,2019-01-24T18:40:28Z,2019-01-24T19:45:13Z
29669,2019-01-24T19:45:21Z,2019-01-24T20:54:57Z
29670,2019-01-24T20:55:06Z,2019-01-24T21:56:49Z
29671,2019-01-24T21:57:02Z,2019-01-24T23:11:23Z
29672,2019-01-24T23:12:13Z,2019-01-25T00:15:28Z
29673,2019-01-25T00:15:37Z,2019-01-25T01:18:08Z
29674,2019-01-25T01:18:47Z,2019-01-25T02:24:30Z
29675,2019-01-25T02:24:44Z,2019-01-25T03:37:54Z
29676,2019-01-25T03:37:57Z,2019-01-25T04:44:05Z
29677,2019-01-25T04:44:25Z,2019-01-25T05:55:56Z
29678,2019-01-25T05:56:16Z,2019-01-25T07:04:31Z
29679,2019-01-25T07:04:38Z,2019-01-25T08:12:03Z
29680,2019-01-25T08:12:22Z,2019-01-25T09:25:00Z
29681,2019-01-25T09:25:04Z,2019-01-25T10:29:52Z
29682,2019-01-25T10:30:26Z,2019-01-25T11:36:13Z
29683,2019-01-25T11:36:16Z,2019-01-25T12:48:00Z
29684,2019-01-25T12:48:32Z,2019-01-25T13:54:31Z
29685,2019-01-25T13:55:08Z,2019-01-25T15:02:59Z
29686,2019-01-25T15:03:26Z,2019-01-25T16:16:29Z
29687,2019-01-25T16:16:32Z,2019-01-25T17:22:41Z
29688,2019-01-25T17:23:01Z,2019-01-25T18:27:45Z
29689,2019-01-25T18:27:50Z,2019-01-25T19:36:54Z
29690,2019-01-25T19:37:06Z,2019-01-25T20:45:57Z
29691,2019-01-25T20:46:01Z,2019-01-25T21:48:26Z
29692,2019-01-25T21:48:50Z,2019-01-25T22:53:58Z
29693,2019-01-25T22:54:43Z,2019-01-26T00:01:35Z
29694,2019-01-26T00:01:45Z,2019-01-26T01:08:21Z
29695,2019-01-26T01:08:53Z,2019-01-26T02:17:09Z
29696,2019-01-26T02:17:11Z,2019-01-26T03:25:27Z
29697,2019-01-26T03:25:37Z,2019-01-26T04:36:37Z
29698,2019-01-26T04:36:47Z,2019-01-26T05:51:44Z
29699,2019-01-26T05:52:05Z,2019-01-26T06:54:53Z
29700,2019-01-26T06:55:07Z,2019-01-26T08:02:15Z
29701,2019-01-26T08:02:24Z,2019-01-26T09:13:25Z
29702,2019-01-26T09:13:54Z,2019-01-26T10:27:31Z
29703,2019-01-26T10:27:41Z,2019-01-26T11:32:39Z
29704,2019-01-26T11:33:38Z,2019-01-26T12:43:20Z
29705,2019-01-26T12:43:21Z,2019-01-26T13:43:54Z
29706,2019-01-26T13:44:08Z,2019-01-26T14:57:03Z
29707,2019-01-26T14:57:18Z,2019-01-26T16:01:00Z
29708,2019-01-26T16:01:18Z,2019-01-26T17:10:20Z
29709,2019-01-26T17:10:25Z,2019-01-26T18:27:24Z
29710,2019-01-26T18:27:26Z,2019-01-26T19:39:08Z
29711,2019-01-26T19:39:17Z,2019-01-26T20:43:37Z
29712,2019-01-26T20:43:44Z,2019-01-26T21:46:27Z
29713,2019-01-26T21:47:18Z,2019-01-26T22:49:04Z
29714,2019-01-26T22:49:51Z,2019-01-26T23:57:03Z
29715,2019-01-26T23:57:18Z,2019-01-27T01:05:58Z
29716,2019-01-27T01:06:30Z,2019-01-27T02:17:27Z
29717,2019-01-27T02:17:36Z,2019-01-27T03:21:48Z
29718,2019-01-27T03:22:37Z,2019-01-27T04:36:04Z
29719,2019-01-27T04:36:12Z,2019-01-27T05:38:24Z
29720,2019-01-27T05:38:50Z,2019-01-27T06:54:43Z
29721,2019-01-27T06:54:46Z,2019-01-27T08:07:03Z
29722,2019-01-27T08:07:16Z,2019-01-27T09:16:28Z
29723,2019-01-27T09:16:38Z,2019-01-27T10:29:18Z
29724,2019-01-27T10:29:21Z,2019-01-27T11:30:39Z
29725,2019-01-27T11:31:14Z,2019-01-27T12:36:48Z
29726,2019-01-27T12:37:11Z,2019-01-27T13:44:31Z
29727,2019-01-27T13:44:39Z,2019-01-27T14:55:27Z
29728,2019-01-27T14:55:29Z,2019-01-27T15:56:38Z
29729,2019-01-27T15:56:43Z,2019-01-27T17:06:47Z
29730,2019-01-27T17:06:56Z,2019-01-27T18:14:12Z
29731,2019-01-27T18:14:43Z,2019-01-27T19:31:55Z
29732,2019-01-27T19:32:10Z,2019-01-27T20:35:20Z
29733,2019-01-27T20:35:42Z,2019-01-27T21:42:27Z
29734,2019-01-27T21:42:49Z,2019-01-27T22:49:51Z
29735,2019-01-27T22:50:33Z,2019-01-28T00:05:08Z
29736,2019-01-28T00:05:58Z,2019-01-28T01:10:45Z
29737,2019-01-28T01:10:47Z,2019-01-28T02:24:33Z
29738,2019-01-28T02:24:37Z,2019-01-28T03:28:52Z
29739,2019-01-28T03:29:35Z,2019-01-28T04:33:24Z
29740,2019-01-28T04:33:26Z,2019-01-28T05:50:26Z
29741,2019-01-28T05:50:35Z,2019-01-28T07:12:15Z
29742,2019-01-28T07:12:37Z,2019-01-28T08:15:18Z
29743,2019-01-28T08:15:31Z,2019-01-28T09:15:47Z
29744,2019-01-28T09:15:49Z,2019-01-28T10:28:05Z
29745,2019-01-28T10:28:09Z,2019-01-28T11:45:10Z
29746,2019-01-28T11:45:59Z,2019-01-28T12:55:13Z
29747,2019-01-28T12:55:14Z,2019-01-28T14:12:51Z
29748,2019-01-28T14:13:18Z,2019-01-28T15:20:54Z
29749,2019-01-28T15:21:19Z,2019-01-28T16:30:17Z
29750,2019-01-28T16:30:20Z,2019-01-28T17:38:04Z
29751,2019-01-28T17:38:47Z,2019-01-28T18:57:34Z
29752,2019-01-28T18:57:48Z,2019-01-28T20:01:17Z
29753,2019-01-28T20:01:18Z,2019-01-28T21:11:45Z
29754,2019-01-28T21:12:09Z,2019-01-28T22:27:29Z
29755,2019-01-28T22:27:40Z,2019-01-28T23:39:13Z
29756,2019-01-28T23:39:23Z,2019-01-29T00:53:24Z
29757,2019-01-29T00:53:32Z,2019-01-29T02:01:48Z
29758,2019-01-29T02:02:20Z,2019-01-29T03:16:13Z
29759,2019-01-29T03:16:18Z,2019-01-29T04:24:23Z
29760,2019-01-29T04:24:26Z,2019-01-29T05:31:31Z
29761,2019-01-29T05:31:46Z,2019-01-29T06:43:20Z
29762,2019-01-29T06:43:48Z,2019-01-29T07:53:28Z
29763,2019-01-29T07:53:38Z,2019-01-29T09:06:04Z
29764,2019-01-29T09:06:21Z,2019-01-29T10:25:15Z
29765,2019-01-29T10:25:54Z,2019-01-29T11:32:45Z
29766,2019-01-29T11:33:10Z,2019-01-29T12:45:55Z
29767,2019-01-29T12:46:08Z,2019-01-29T13:52:53Z
29768,2019-01-29T13:53:00Z,2019-01-29T15:02:34Z
29769,2019-01-29T15:03:22Z,2019-01-29T16:09:15Z
29770,2019-01-29T16:09:17Z,2019-01-29T17:25:18Z
29771,2019-01-29T17:25:21Z,2019-01-29T18:35:46Z
29772,2019-01-29T18:35:47Z,2019-01-29T19:41:41Z
29773,2019-01-29T19:41:57Z,2019-01-29T20:51:10Z
29774,2019-01-29T20:51:15Z,2019-01-29T22:00:00Z
29775,2019-01-29T22:00:17Z,2019-01-29T23:13:50Z
29776,2019-01-29T23:13:59Z,2019-01-30T00:31:02Z
29777,2019-01-30T00:31:46Z,2019-01-30T01:39:01Z
29778,2019-01-30T01:39:07Z,2019-01-30T02:50:46Z
29779,2019-01-30T02:50:48Z,2019-01-30T03:54:06Z
29780,2019-01-30T03:54:49Z,2019-01-30T05:09:09Z
29781,2019-01-30T05:09:24Z,2019-01-30T06:18:57Z
29782,2019-01-30T06:19:30Z,2019-01-30T07:26:09Z
29783,2019-01-30T07:26:23Z,2019-01-30T08:44:10Z
29784,2019-01-30T08:44:14Z,2019-01-30T09:53:06Z
29785,2019-01-30T09:53:31Z,2019-01-30T11:03:21Z
29786,2019-01-30T11:04:19Z,2019-01-30T12:18:37Z
29787,2019-01-30T12:19:03Z,2019-01-30T13:33:14Z
29788,2019-01-30T13:33:36Z,2019-01-30T14:39:33Z
29789,2019-01-30T14:40:03Z,2019-01-30T15:54:23Z
29790,2019-01-30T15:54:50Z,2019-01-30T16:58:32Z
29791,2019-01-30T16:58:38Z,2019-01-30T18:05:15Z
29792,2019-01-30T18:05:27Z,2019-01-30T19:11:35Z
29793,2019-01-30T19:11:41Z,2019-01-30T20:21:52Z
29794,2019-01-30T20:22:12Z,2019-01-30T21:35:56Z
29795,2019-01-30T21:36:01Z,2019-01-30T22:42:14Z
29796,2019-01-30T22:42:38Z,2019-01-30T23:46:26Z
29797,2019-01-30T23:46:37Z,2019-01-31T00:58:50Z
29798,2019-01-31T00:59:17Z,2019-01-31T02:12:53Z
29799,2019-01-31T02:12:54Z,2019-01-31T03:23:47Z
29800,2019-01-31T03:24:06Z,2019-01-31T04:35:19Z
29801,2019-01-31T04:35:30Z,2019-01-31T05:43:43Z
29802,2019-01-31T05:43:50Z,2019-01-31T06:53:25Z
29803,2019-01-31T06:53:28Z,2019-01-31T07:58:23Z
29804,2019-01-31T07:58:30Z,2019-01-31T09:06:31Z
29805,2019-01-31T09:06:47Z,2019-01-31T10:20:57Z
29806,2019-01-31T10:21:01Z,2019-01-31T11:27:34Z
29807,2019-01-31T11:27:54Z,2019-01-31T12:35:33Z
29808,2019-01-31T12:35:57Z,2019-01-31T13:57:23Z
29809,2019-01-31T13:57:24Z,2019-01-31T15:12:36Z
29810,2019-01-31T15:13:06Z,2019-01-31T16:18:16Z
29811,2019-01-31T16:19:33Z,2019-01-31T17:26:56Z
29812,2019-01-31T17:27:17Z,2019-01-31T18:29:15Z
29813,2019-01-31T18:30:06Z,2019-01-31T19:39:46Z
29814,2019-01-31T19:39:53Z,2019-01-31T20:42:43Z
29815,2019-01-31T20:42:46Z,2019-01-31T21:55:42Z
29816,2019-01-31T21:55:50Z,2019-01-31T23:06:27Z
29817,2019-01-31T23:06:31Z,2019-02-01T00:19:04Z
29818,2019-02-01T00:19:16Z,2019-02-01T01:27:49Z
29819,2019-02-01T01:29:21Z,2019-02-01T02:42:12Z
29820,2019-02-01T02:42:35Z,2019-02-01T03:45:58Z
29821,2019-02-01T03:46:28Z,2019-02-01T04:58:19Z
29822,2019-02-01T04:59:05Z,2019-02-01T06:11:49Z
29823,2019-02-01T06:11:58Z,2019-02-01T07:26:55Z
29824,2019-02-01T07:26:57Z,2019-02-01T08:40:08Z
29825,2019-02-01T08:40:40Z,2019-02-01T09:47:41Z
29826,2019-02-01T09:47:50Z,2019-02-01T11:02:01Z
29827,2019-02-01T11:02:14Z,2019-02-01T12:13:36Z
29828,2019-02-01T12:13:37Z,2019-02-01T13:24:37Z
29829,2019-02-01T13:25:09Z,2019-02-01T14:30:10Z
29830,2019-02-01T14:30:52Z,2019-02-01T15:48:51Z
29831,2019-02-01T15:49:05Z,2019-02-01T17:05:21Z
29832,2019-02-01T17:05:25Z,2019-02-01T18:10:12Z
29833,2019-02-01T18:10:15Z,2019-02-01T19:17:44Z
29834,2019-02-01T19:17:46Z,2019-02-01T20:30:36Z
29835,2019-02-01T20:30:38Z,2019-02-01T21:37:13Z
29836,2019-02-01T21:38:04Z,2019-02-01T22:53:14Z
29837,2019-02-01T22:53:31Z,2019-02-02T00:04:11Z
29838,2019-02-02T00:04:37Z,2019-02-02T01:22:30Z
29839,2019-02-02T01:22:36Z,2019-02-02T02:32:30Z
29840,2019-02-02T02:32:55Z,2019-02-02T03:40:47Z
29841,2019-02-02T03:40:56Z,2019-02-02T04:48:09Z
29842,2019-02-02T04:48:10Z,2019-02-02T06:02:01Z
29843,2019-02-02T06:02:03Z,2019-02-02T07:16:22Z
29844,2019-02-02T07:16:30Z,2019-02-02T08:27:26Z
29845,2019-02-02T08:27:50Z,2019-02-02T09:40:58Z
29846,2019-02-02T09:41:12Z,2019-02-02T10:42:34Z
29847,2019-02-02T10:43:03Z,2019-02-02T11:55:52Z
29848,2019-02-02T11:56:18Z,2019-02-02T13:06:05Z
29849,2019-02-02T13:06:11Z,2019-02-02T14:12:42Z
29850,2019-02-02T14:12:50Z,2019-02-02T15:21:46Z
29851,2019-02-02T15:22:47Z,2019-02-02T16:37:38Z
29852,2019-02-02T16:37:45Z,2019-02-02T17:47:02Z
29853,2019-02-02T17:47:22Z,2019-02-02T19:02:55Z
29854,2019-02-02T19:03:25Z,2019-02-02T20:07:25Z
29855,2019-02-02T20:07:46Z,2019-02-02T21:11:28Z
29856,2019-02-02T21:11:42Z,2019-02-02T22:17:27Z
29857,2019-02-02T22:17:46Z,2019-02-02T23:22:04Z
29858,2019-02-02T23:22:15Z,2019-02-03T00:36:22Z
29859,2019-02-03T00:36:55Z,2019-02-03T01:45:22Z
29860,2019-02-03T01:45:36Z,2019-02-03T03:00:56Z
29861,2019-02-03T03:01:21Z,2019-02-03T04:07:07Z
29862,2019-02-03T04:07:19Z,2019-02-03T05:08:26Z
29863,2019-02-03T05:08:52Z,2019-02-03T06:31:07Z
29864,2019-02-03T06:31:12Z,2019-02-03T07:41:01Z
29865,2019-02-03T07:41:17Z,2019-02-03T08:53:43Z
29866,2019-02-03T08:54:01Z,2019-02-03T10:11:08Z
29867,2019-02-03T10:11:38Z,2019-02-03T11:19:49Z
29868,2019-02-03T11:19:55Z,2019-02-03T12:31:42Z
29869,2019-02-03T12:31:56Z,2019-02-03T13:43:07Z
29870,2019-02-03T13:43:12Z,2019-02-03T14:58:32Z
29871,2019-02-03T14:58:40Z,2019-02-03T16:15:46Z
29872,2019-02-03T16:15:52Z,2019-02-03T17:23:14Z
29873,2019-02-03T17:23:27Z,2019-02-03T18:39:22Z
29874,2019-02-03T18:39:35Z,2019-02-03T19:53:22Z
29875,2019-02-03T19:53:31Z,2019-02-03T20:58:38Z
29876,2019-02-03T20:58:41Z,2019-02-03T22:01:09Z
29877,2019-02-03T22:01:16Z,2019-02-03T23:04:39Z
29878,2019-02-03T23:05:09Z,2019-02-04T00:21:21Z
29879,2019-02-04T00:21:31Z,2019-02-04T01:31:15Z
29880,2019-02-04T01:32:58Z,2019-02-04T02:43:21Z
29881,2019-02-04T02:43:36Z,2019-02-04T03:56:13Z
29882,2019-02-04T03:56:36Z,2019-02-04T05:07:49Z
29883,2019-02-04T05:08:35Z,2019-02-04T06:10:43Z
29884,2019-02-04T06:10:52Z,2019-02-04T07:19:41Z
29885,2019-02-04T07:19:58Z,2019-02-04T08:29:20Z
29886,2019-02-04T08:29:24Z,2019-02-04T09:40:22Z
29887,2019-02-04T09:40:34Z,2019-02-04T10:45:05Z
29888,2019-02-04T10:45:28Z,2019-02-04T11:50:27Z
29889,2019-02-04T11:50:30Z,2019-02-04T13:05:31Z
29890,2019-02-04T13:05:41Z,2019-02-04T14:16:52Z
29891,2019-02-04T14:17:16Z,2019-02-04T15:28:18Z
29892,2019-02-04T15:28:20Z,2019-02-04T16:40:21Z
29893,2019-02-04T16:40:24Z,2019-02-04T17:47:38Z
29894,2019-02-04T17:48:21Z,2019-02-04T18:54:04Z
29895,2019-02-04T18:54:16Z,2019-02-04T20:02:06Z
29896,2019-02-04T20:02:27Z,2019-02-04T21:16:36Z
29897,2019-02-04T21:17:04Z,2019-02-04T22:32:40Z
29898,2019-02-04T22:32:51Z,2019-02-04T23:39:36Z
29899,2019-02-04T23:39:41Z,2019-02-05T00:47:23Z
29900,2019-02-05T00:47:33Z,2019-02-05T02:01:23Z
29901,2019-02-05T02:01:38Z,2019-02-05T03:08:18Z
29902,2019-02-05T03:08:26Z,2019-02-05T04:20:12Z
29903,2019-02-05T04:20:36Z,2019-02-05T05:33:29Z
29904,2019-02-05T05:34:08Z,2019-02-05T06:38:41Z
29905,2019-02-05T06:38:49Z,2019-02-05T07:56:02Z
29906,2019-02-05T07:56:10Z,2019-02-05T08:59:16Z
29907,2019-02-05T08:59:25Z,2019-02-05T10:09:44Z
29908,2019-02-05T10:09:49Z,2019-02-05T11:14:40Z
29909,2019-02-05T11:14:58Z,2019-02-05T12:29:22Z
29910,2019-02-05T12:29:34Z,2019-02-05T13:40:32Z
29911,2019-02-05T13:40:37Z,2019-02-05T14:52:17Z
29912,2019-02-05T14:53:04Z,2019-02-05T15:59:42Z
29913,2019-02-05T15:59:51Z,2019-02-05T17:07:52Z
29914,2019-02-05T17:08:05Z,2019-02-05T18:21:50Z
29915,2019-02-05T18:22:01Z,2019-02-05T19:32:56Z
29916,2019-02-05T19:33:14Z,2019-02-05T20:48:10Z
29917,2019-02-05T20:48:42Z,2019-02-05T22:02:51Z
29918,2019-02-05T22:03:13Z,2019-02-05T23:09:10Z
29919,2019-02-05T23:09:28Z,2019-02-06T00:15:13Z
29920,2019-02-06T00:15:15Z,2019-02-06T01:22:54Z
29921,2019-02-06T01:23:01Z,2019-02-06T02:31:21Z
29922,2019-02-06T02:31:36Z,2019-02-06T03:44:09Z
29923,2019-02-06T03:44:13Z,2019-02-06T04:58:23Z
29924,2019-02-06T04:58:29Z,2019-02-06T06:08:38Z
29925,2019-02-06T06:08:43Z,2019-02-06T07:15:06Z
29926,2019-02-06T07:15:11Z,2019-02-06T08:27:16Z
29927,2019-02-06T08:27:19Z,2019-02-06T09:43:57Z
29928,2019-02-06T09:44:10Z,2019-02-06T10:54:16Z
29929,2019-02-06T10:54:23Z,2019-02-06T11:58:48Z
29930,2019-02-06T11:59:12Z,2019-02-06T13:07:09Z
29931,2019-02-06T13:07:55Z,2019-02-06T14:27:14Z
29932,2019-02-06T14:27:17Z,2019-02-06T15:35:34Z
29933,2019-02-06T15:36:15Z,2019-02-06T16:49:55Z
29934,2019-02-06T16:50:27Z,2019-02-06T18:01:54Z
29935,2019-02-06T18:02:12Z,2019-02-06T19:12:45Z
29936,2019-02-06T19:12:56Z,2019-02-06T20:28:28Z
29937,2019-02-06T20:29:27Z,2019-02-06T21:32:25Z
29938,2019-02-06T21:32:38Z,2019-02-06T22:39:01Z
29939,2019-02-06T22:39:39Z,2019-02-06T23:49:50Z
29940,2019-02-06T23:50:02Z,2019-02-07T01:03:35Z
29941,2019-02-07T01:03:38Z,2019-02-07T02:18:20Z
29942,2019-02-07T02:19:19Z,2019-02-07T03:35:04Z
29943,2019-02-07T03:35:16Z,2019-02-07T04:45:17Z
29944,2019-02-07T04:45:19Z,2019-02-07T05:49:10Z
29945,2019-02-07T05:49:13Z,2019-02-07T07:00:04Z
29946,2019-02-07T07:00:10Z,2019-02-07T08:09:38Z
29947,2019-02-07T08:10:14Z,2019-02-07T09:17:36Z
29948,2019-02-07T09:17:58Z,2019-02-07T10:26:33Z
29949,2019-02-07T10:26:35Z,2019-02-07T11:38:42Z
29950,2019-02-07T11:39:28Z,2019-02-07T12:46:41Z
29951,2019-02-07T12:46:56Z,2019-02-07T14:04:23Z
29952,2019-02-07T14:04:37Z,2019-02-07T15:07:20Z
29953,2019-02-07T15:07:33Z,2019-02-07T16:12:59Z
29954,2019-02-07T16:13:12Z,2019-02-07T17:25:55Z
29955,2019-02-07T17:26:08Z,2019-02-07T18:39:01Z
29956,2019-02-07T18:39:32Z,2019-02-07T19:47:58Z
29957,2019-02-07T19:48:02Z,2019-02-07T21:01:27Z
29958,2019-02-07T21:01:35Z,2019-02-07T22:08:03Z
29959,2019-02-07T22:08:34Z,2019-02-07T23:19:35Z
29960,2019-02-07T23:19:39Z,2019-02-08T00:25:11Z
29961,2019-02-08T00:25:43Z,2019-02-08T01:43:38Z
29962,2019-02-08T01:43:45Z,2019-02-08T02:58:23Z
29963,2019-02-08T02:58:30Z,2019-02-08T04:13:15Z
29964,2019-02-08T04:13:28Z,2019-02-08T05:22:48Z
29965,2019-02-08T05:23:01Z,2019-02-08T06:33:05Z
29966,2019-02-08T06:33:22Z,2019-02-08T07:37:28Z
29967,2019-02-08T07:37:40Z,2019-02-08T08:45:47Z
29968,2019-02-08T08:45:59Z,2019-02-08T09:49:20Z
29969,2019-02-08T09:49:24Z,2019-02-08T10:59:53Z
29970,2019-02-08T11:00:05Z,2019-02-08T12:07:03Z
29971,2019-02-08T12:07:08Z,2019-02-08T13:17:41Z
29972,2019-02-08T13:17:54Z,2019-02-08T14:28:02Z
29973,2019-02-08T14:28:25Z,2019-02-08T15:43:46Z
29974,2019-02-08T15:43:53Z,2019-02-08T16:56:26Z
29975,2019-02-08T16:56:38Z,2019-02-08T18:00:40Z
29976,2019-02-08T18:00:41Z,2019-02-08T19:16:03Z
29977,2019-02-08T19:16:08Z,2019-02-08T20:22:29Z
29978,2019-02-08T20:22:32Z,2019-02-08T21:31:31Z
29979,2019-02-08T21:31:44Z,2019-02-08T22:44:54Z
29980,2019-02-08T22:45:02Z,2019-02-08T23:50:58Z
29981,2019-02-08T23:51:23Z,2019-02-09T01:01:08Z
29982,2019-02-09T01:01:33Z,2019-02-09T02:16:41Z
29983,2019-02-09T02:16:46Z,2019-02-09T03:23:05Z
29984,2019-02-09T03:23:26Z,2019-02-09T04:41:55Z
29985,2019-02-09T04:42:15Z,2019-02-09T05:55:10Z
29986,2019-02-09T05:55:30Z,2019-02-09T07:06:19Z
29987,2019-02-09T07:07:14Z,2019-02-09T08:20:29Z
29988,2019-02-09T08:21:09Z,2019-02-09T09:26:39Z
29989,2019-02-09T09:26:44Z,2019-02-09T10:31:08Z
29990,2019-02-09T10:31:09Z,2019-02-09T11:39:30Z
29991,2019-02-09T11:39:43Z,2019-02-09T12:52:14Z
29992,2019-02-09T12:52:34Z,2019-02-09T13:59:31Z
29993,2019-02-09T13:59:35Z,2019-02-09T15:11:16Z
29994,2019-02-09T15:11:32Z,2019-02-09T16:18:44Z
29995,2019-02-09T16:19:05Z,2019-02-09T17:26:00Z
29996,2019-02-09T17:27:12Z,2019-02-09T18:35:59Z
29997,2019-02-09T18:37:16Z,2019-02-09T19:46:05Z
29998,2019-02-09T19:46:09Z,2019-02-09T20:56:45Z
29999,2019-02-09T20:56:53Z,2019-02-09T22:13:38Z
30000,2019-02-09T22:13:48Z,2019-02-09T23:19:55Z
30001,2019-02-09T23:19:57Z,2019-02-10T00:38:22Z
30002,2019-02-10T00:38:24Z,2019-02-10T01:55:56Z
30003,2019-02-10T01:56:02Z,2019-02-10T03:09:50Z
30004,2019-02-10T03:10:07Z,2019-02-10T04:25:22Z
30005,2019-02-10T04:25:26Z,2019-02-10T05:40:13Z
30006,2019-02-10T05:40:22Z,2019-02-10T06:57:58Z
30007,2019-02-10T06:58:09Z,2019-02-10T08:17:01Z
30008,2019-02-10T08:17:51Z,2019-02-10T09:37:32Z
30009,2019-02-10T09:37:38Z,2019-02-10T11:04:46Z
30010,2019-02-10T11:05:10Z,2019-02-10T12:24:07Z
30011,2019-02-10T12:24:10Z,2019-02-10T13:43:59Z
30012,2019-02-10T13:44:19Z,2019-02-10T14:59:31Z
30013,2019-02-10T14:59:53Z,2019-02-10T16:16:25Z
30014,2019-02-10T16:16:30Z,2019-02-10T17:51:39Z
30015,2019-02-10T17:51:45Z,2019-02-10T19:20:21Z
30016,2019-02-10T19:20:33Z,2019-02-10T20:45:17Z
30017,2019-02-10T20:46:15Z,2019-02-10T21:58:36Z
30018,2019-02-10T21:58:57Z,2019-02-10T23:18:35Z
30019,2019-02-10T23:18:40Z,2019-02-11T00:44:30Z
30020,2019-02-11T00:44:34Z,2019-02-11T02:13:32Z
30021,2019-02-11T02:14:11Z,2019-02-11T03:37:46Z
30022,2019-02-11T03:38:02Z,2019-02-11T04:58:42Z
30023,2019-02-11T04:59:08Z,2019-02-11T06:20:46Z
30024,2019-02-11T06:21:17Z,2019-02-11T07:44:07Z
30025,2019-02-11T07:44:15Z,2019-02-11T09:04:04Z
30026,2019-02-11T09:04:38Z,2019-02-11T10:26:58Z
30027,2019-02-11T10:27:38Z,2019-02-11T11:52:44Z
30028,2019-02-11T11:53:00Z,2019-02-11T13:12:36Z
30029,2019-02-11T13:12:48Z,2019-02-11T14:37:30Z
30030,2019-02-11T14:37:52Z,2019-02-11T15:59:00Z
30031,2019-02-11T15:59:01Z,2019-02-11T17:16:01Z
30032,2019-02-11T17:16:09Z,2019-02-11T18:27:10Z
30033,2019-02-11T18:27:13Z,2019-02-11T19:53:15Z
30034,2019-02-11T19:53:18Z,2019-02-11T21:22:24Z
30035,2019-02-11T21:22:36Z,2019-02-11T22:44:06Z
30036,2019-02-11T22:44:13Z,2019-02-12T00:07:02Z
30037,2019-02-12T00:07:09Z,2019-02-12T01:30:57Z
30038,2019-02-12T01:31:06Z,2019-02-12T02:56:54Z
30039,2019-02-12T02:57:11Z,2019-02-12T04:11:49Z
30040,2019-02-12T04:12:14Z,2019-02-12T05:22:53Z
30041,2019-02-12T05:23:27Z,2019-02-12T06:43:05Z
30042,2019-02-12T06:43:19Z,2019-02-12T08:06:43Z
30043,2019-02-12T08:06:50Z,2019-02-12T09:35:59Z
30044,2019-02-12T09:36:30Z,2019-02-12T10:50:06Z
30045,2019-02-12T10:50:46Z,2019-02-12T12:13:18Z
30046,2019-02-12T12:13:20Z,2019-02-12T13:38:00Z
30047,2019-02-12T13:38:16Z,2019-02-12T14:59:31Z
30048,2019-02-12T15:00:13Z,2019-02-12T16:19:15Z
30049,2019-02-12T16:19:49Z,2019-02-12T17:42:33Z
30050,2019-02-12T17:42:41Z,2019-02-12T19:02:15Z
30051,2019-02-12T19:02:35Z,2019-02-12T20:23:55Z
30052,2019-02-12T20:24:46Z,2019-02-12T21:45:37Z
30053,2019-02-12T21:45:53Z,2019-02-12T23:04:46Z
30054,2019-02-12T23:04:58Z,2019-02-13T00:22:19Z
30055,2019-02-13T00:23:15Z,2019-02-13T01:55:47Z
30056,2019-02-13T01:55:48Z,2019-02-13T03:20:04Z
30057,2019-02-13T03:20:13Z,2019-02-13T04:45:18Z
30058,2019-02-13T04:45:27Z,2019-02-13T06:06:38Z
30059,2019-02-13T06:06:44Z,2019-02-13T07:27:47Z
30060,2019-02-13T07:28:05Z,2019-02-13T08:54:04Z
30061,2019-02-13T08:54:11Z,2019-02-13T10:11:37Z
30062,2019-02-13T10:12:11Z,2019-02-13T11:25:06Z
30063,2019-02-13T11:25:14Z,2019-02-13T12:46:56Z
30064,2019-02-13T12:47:14Z,2019-02-13T14:12:12Z
30065,2019-02-13T14:12:50Z,2019-02-13T15:36:38Z
30066,2019-02-13T15:37:41Z,2019-02-13T16:53:25Z
30067,2019-02-13T16:53:53Z,2019-02-13T18:20:50Z
30068,2019-02-13T18:21:25Z,2019-02-13T19:40:42Z
30069,2019-02-13T19:40:51Z,2019-02-13T21:01:27Z
30070,2019-02-13T21:02:39Z,2019-02-13T22:32:50Z
30071,2019-02-13T22:32:51Z,2019-02-13T23:52:06Z
30072,2019-02-13T23:52:38Z,2019-02-14T01:17:40Z
30073,2019-02-14T01:17:59Z,2019-02-14T02:40:27Z
30074,2019-02-14T02:40:49Z,2019-02-14T03:58:49Z
30075,2019-02-14T03:58:52Z,2019-02-14T05:20:29Z
30076,2019-02-14T05:21:07Z,2019-02-14T06:38:26Z
30077,2019-02-14T06:38:53Z,2019-02-14T08:10:31Z
30078,2019-02-14T08:10:37Z,2019-02-14T09:40:18Z
30079,2019-02-14T09:41:32Z,2019-02-14T10:59:09Z
30080,2019-02-14T10:59:31Z,2019-02-14T12:21:31Z
30081,2019-02-14T12:21:32Z,2019-02-14T13:39:45Z
30082,2019-02-14T13:39:47Z,2019-02-14T15:12:06Z
30083,2019-02-14T15:12:12Z,2019-02-14T16:25:29Z
30084,2019-02-14T16:26:20Z,2019-02-14T17:50:39Z
30085,2019-02-14T17:50:52Z,2019-02-14T19:23:09Z
30086,2019-02-14T19:23:28Z,2019-02-14T20:49:09Z
30087,2019-02-14T20:49:13Z,2019-02-14T22:11:16Z
30088,2019-02-14T22:12:07Z,2019-02-14T23:24:54Z
30089,2019-02-14T23:25:05Z,2019-02-15T00:44:16Z
30090,2019-02-15T00:44:41Z,2019-02-15T02:11:26Z
30091,2019-02-15T02:11:29Z,2019-02-15T03:41:18Z
30092,2019-02-15T03:42:39Z,2019-02-15T05:00:01Z
30093,2019-02-15T05:00:09Z,2019-02-15T06:21:17Z
30094,2019-02-15T06:21:19Z,2019-02-15T07:51:54Z
30095,2019-02-15T07:52:06Z,2019-02-15T09:15:07Z
30096,2019-02-15T09:15:15Z,2019-02-15T10:36:15Z
30097,2019-02-15T10:36:28Z,2019-02-15T11:58:28Z
30098,2019-02-15T11:58:44Z,2019-02-15T13:13:49Z
30099,2019-02-15T13:13:52Z,2019-02-15T14:39:02Z
30100,2019-02-15T14:39:05Z,2019-02-15T15:57:42Z
30101,2019-02-15T15:58:23Z,2019-02-15T17:19:10Z
30102,2019-02-15T17:19:15Z,2019-02-15T18:42:52Z
30103,2019-02-15T18:43:05Z,2019-02-15T20:06:06Z
30104,2019-02-15T20:06:48Z,2019-02-15T21:28:44Z
30105,2019-02-15T21:29:20Z,2019-02-15T22:54:20Z
30106,2019-02-15T22:54:28Z,2019-02-16T00:16:00Z
30107,2019-02-16T00:16:25Z,2019-02-16T01:43:00Z
30108,2019-02-16T01:43:15Z,2019-02-16T03:03:49Z
30109,2019-02-16T03:03:52Z,2019-02-16T04:26:18Z
30110,2019-02-16T04:26:27Z,2019-02-16T05:42:07Z
30111,2019-02-16T05:43:21Z,2019-02-16T07:11:34Z
30112,2019-02-16T07:11:38Z,2019-02-16T08:38:28Z
30113,2019-02-16T08:39:00Z,2019-02-16T10:04:40Z
30114,2019-02-16T10:05:03Z,2019-02-16T11:27:31Z
30115,2019-02-16T11:27:37Z,2019-02-16T12:41:17Z
30116,2019-02-16T12:41:57Z,2019-02-16T14:03:53Z
30117,2019-02-16T14:04:06Z,2019-02-16T15:26:48Z
30118,2019-02-16T15:26:53Z,2019-02-16T16:45:04Z
30119,2019-02-16T16:45:57Z,2019-02-16T18:11:57Z
30120,2019-02-16T18:12:54Z,2019-02-16T19:32:03Z
30121,2019-02-16T19:32:21Z,2019-02-16T20:52:17Z
30122,2019-02-16T20:52:34Z,2019-02-16T22:16:25Z
30123,2019-02-16T22:16:44Z,2019-02-16T23:36:54Z
30124,2019-02-16T23:37:00Z,2019-02-17T00:56:27Z
30125,2019-02-17T00:56:49Z,2019-02-17T02:21:17Z
30126,2019-02-17T02:21:42Z,2019-02-17T03:42:03Z
30127,2019-02-17T03:42:33Z,2019-02-17T05:05:52Z
30128,2019-02-17T05:06:00Z,2019-02-17T06:40:13Z
30129,2019-02-17T06:40:15Z,2019-02-17T07:56:13Z
30130,2019-02-17T07:56:29Z,2019-02-17T09:17:39Z
30131,2019-02-17T09:18:34Z,2019-02-17T10:46:02Z
30132,2019-02-17T10:46:16Z,2019-02-17T12:12:12Z
30133,2019-02-17T12:12:19Z,2019-02-17T13:26:27Z
30134,2019-02-17T13:26:56Z,2019-02-17T14:48:15Z
30135,2019-02-17T14:48:37Z,2019-02-17T16:13:28Z
30136,2019-02-17T16:13:41Z,2019-02-17T17:28:54Z
30137,2019-02-17T17:29:18Z,2019-02-17T18:52:21Z
30138,2019-02-17T18:53:05Z,2019-02-17T20:12:11Z
30139,2019-02-17T20:12:36Z,2019-02-17T21:40:23Z
30140,2019-02-17T21:40:30Z,2019-02-17T23:01:32Z
30141,2019-02-17T23:02:06Z,2019-02-18T00:28:34Z
30142,2019-02-18T00:28:37Z,2019-02-18T01:52:27Z
30143,2019-02-18T01:52:29Z,2019-02-18T03:18:30Z
30144,2019-02-18T03:18:35Z,2019-02-18T04:41:41Z
30145,2019-02-18T04:41:43Z,2019-02-18T05:59:43Z
30146,2019-02-18T06:00:10Z,2019-02-18T07:22:08Z
30147,2019-02-18T07:22:20Z,2019-02-18T08:45:28Z
30148,2019-02-18T08:46:03Z,2019-02-18T10:02:52Z
30149,2019-02-18T10:02:56Z,2019-02-18T11:25:36Z
30150,2019-02-18T11:25:56Z,2019-02-18T12:43:26Z
30151,2019-02-18T12:43:46Z,2019-02-18T13:59:45Z
30152,2019-02-18T14:00:17Z,2019-02-18T15:31:42Z
30153,2019-02-18T15:31:51Z,2019-02-18T16:58:16Z
30154,2019-02-18T16:58:18Z,2019-02-18T18:19:53Z
30155,2019-02-18T18:19:56Z,2019-02-18T19:42:46Z
30156,2019-02-18T19:42:49Z,2019-02-18T21:05:22Z
30157,2019-02-18T21:06:28Z,2019-02-18T22:21:27Z
30158,2019-02-18T22:21:43Z,2019-02-18T23:46:47Z
30159,2019-02-18T23:47:02Z,2019-02-19T01:13:04Z
30160,2019-02-19T01:13:18Z,2019-02-19T02:35:47Z
30161,2019-02-19T02:36:07Z,2019-02-19T03:54:08Z
30162,2019-02-19T03:55:09Z,2019-02-19T05:05:38Z
30163,2019-02-19T05:05:49Z,2019-02-19T06:30:10Z
30164,2019-02-19T06:30:44Z,2019-02-19T07:44:40Z
30165,2019-02-19T07:44:55Z,2019-02-19T09:04:19Z
30166,2019-02-19T09:04:51Z,2019-02-19T10:33:37Z
30167,2019-02-19T10:33:48Z,2019-02-19T11:47:15Z
30168,2019-02-19T11:47:26Z,2019-02-19T13:04:28Z
30169,2019-02-19T13:04:34Z,2019-02-19T14:23:26Z
30170,2019-02-19T14:23:28Z,2019-02-19T15:46:25Z
30171,2019-02-19T15:46:33Z,2019-02-19T17:10:19Z
30172,2019-02-19T17:11:11Z,2019-02-19T18:35:08Z
30173,2019-02-19T18:35:29Z,2019-02-19T19:58:42Z
30174,2019-02-19T19:58:47Z,2019-02-19T21:18:02Z
30175,2019-02-19T21:18:16Z,2019-02-19T22:38:41Z
30176,2019-02-19T22:38:56Z,2019-02-20T00:02:05Z
30177,2019-02-20T00:02:08Z,2019-02-20T01:15:42Z
30178,2019-02-20T01:15:53Z,2019-02-20T02:34:18Z
30179,2019-02-20T02:34:25Z,2019-02-20T03:55:50Z
30180,2019-02-20T03:55:56Z,2019-02-20T05:18:40Z
30181,2019-02-20T05:19:31Z,2019-02-20T06:47:15Z
30182,2019-02-20T06:47:23Z,2019-02-20T08:05:21Z
30183,2019-02-20T08:06:02Z,2019-02-20T09:30:25Z
30184,2019-02-20T09:30:32Z,2019-02-20T10:58:11Z
30185,2019-02-20T10:58:26Z,2019-02-20T12:14:20Z
30186,2019-02-20T12:14:22Z,2019-02-20T13:37:35Z
30187,2019-02-20T13:37:47Z,2019-02-20T15:04:59Z
30188,2019-02-20T15:05:16Z,2019-02-20T16:25:57Z
30189,2019-02-20T16:27:12Z,2019-02-20T17:52:23Z
30190,2019-02-20T17:52:50Z,2019-02-20T19:12:37Z
30191,2019-02-20T19:12:43Z,2019-02-20T20:31:31Z
30192,2019-02-20T20:31:36Z,2019-02-20T21:48:46Z
30193,2019-02-20T21:48:50Z,2019-02-20T23:03:43Z
30194,2019-02-20T23:03:51Z,2019-02-21T00:30:20Z
30195,2019-02-21T00:30:23Z,2019-02-21T01:53:10Z
30196,2019-02-21T01:53:16Z,2019-02-21T03:11:16Z
30197,2019-02-21T03:11:28Z,2019-02-21T04:35:55Z
30198,2019-02-21T04:36:38Z,2019-02-21T05:53:00Z
30199,2019-02-21T05:53:13Z,2019-02-21T07:09:41Z
30200,2019-02-21T07:10:29Z,2019-02-21T08:32:35Z
30201,2019-02-21T08:33:21Z,2019-02-21T09:54:07Z
30202,2019-02-21T09:54:12Z,2019-02-21T11:12:11Z
30203,2019-02-21T11:12:35Z,2019-02-21T12:37:40Z
30204,2019-02-21T12:37:56Z,2019-02-21T14:07:16Z
30205,2019-02-21T14:07:21Z,2019-02-21T15:26:43Z
30206,2019-02-21T15:26:51Z,2019-02-21T16:46:16Z
30207,2019-02-21T16:46:21Z,2019-02-21T18:03:35Z
30208,2019-02-21T18:03:36Z,2019-02-21T19:23:31Z
30209,2019-02-21T19:23:50Z,2019-02-21T20:39:53Z
30210,2019-02-21T20:40:03Z,2019-02-21T22:01:49Z
30211,2019-02-21T22:02:07Z,2019-02-21T23:31:09Z
30212,2019-02-21T23:31:21Z,2019-02-22T00:50:41Z
30213,2019-02-22T00:51:08Z,2019-02-22T02:08:37Z
30214,2019-02-22T02:08:41Z,2019-02-22T03:27:01Z
30215,2019-02-22T03:27:09Z,2019-02-22T04:55:33Z
30216,2019-02-22T04:55:37Z,2019-02-22T06:10:22Z
30217,2019-02-22T06:11:17Z,2019-02-22T07:31:27Z
30218,2019-02-22T07:32:08Z,2019-02-22T08:56:07Z
30219,2019-02-22T08:56:30Z,2019-02-22T10:22:40Z
30220,2019-02-22T10:22:51Z,2019-02-22T11:39:56Z
30221,2019-02-22T11:40:21Z,2019-02-22T13:04:22Z
30222,2019-02-22T13:04:24Z,2019-02-22T14:21:16Z
30223,2019-02-22T14:21:57Z,2019-02-22T15:49:25Z
30224,2019-02-22T15:49:38Z,2019-02-22T17:13:14Z
30225,2019-02-22T17:13:49Z,2019-02-22T18:36:42Z
30226,2019-02-22T18:37:14Z,2019-02-22T20:00:04Z
30227,2019-02-22T20:00:20Z,2019-02-22T21:18:22Z
30228,2019-02-22T21:18:54Z,2019-02-22T22:41:35Z
30229,2019-02-22T22:42:25Z,2019-02-22T23:57:06Z
30230,2019-02-22T23:57:13Z,2019-02-23T01:20:14Z
30231,2019-02-23T01:20:44Z,2019-02-23T02:46:12Z
30232,2019-02-23T02:46:14Z,2019-02-23T04:04:21Z
30233,2019-02-23T04:04:30Z,2019-02-23T05:18:02Z
30234,2019-02-23T05:18:12Z,2019-02-23T06:33:06Z
30235,2019-02-23T06:33:09Z,2019-02-23T07:48:49Z
30236,2019-02-23T07:49:08Z,2019-02-23T09:13:42Z
30237,2019-02-23T09:13:53Z,2019-02-23T10:25:33Z
30238,2019-02-23T10:25:39Z,2019-02-23T11:52:00Z
30239,2019-02-23T11:52:32Z,2019-02-23T13:16:41Z
30240,2019-02-23T13:17:23Z,2019-02-23T14:36:01Z
30241,2019-02-23T14:36:05Z,2019-02-23T15:50:16Z
30242,2019-02-23T15:50:43Z,2019-02-23T17:06:12Z
30243,2019-02-23T17:06:28Z,2019-02-23T18:31:45Z
30244,2019-02-23T18:32:01Z,2019-02-23T19:49:50Z
30245,2019-02-23T19:50:15Z,2019-02-23T21:08:08Z
30246,2019-02-23T21:08:30Z,2019-02-23T22:30:23Z
30247,2019-02-23T22:30:25Z,2019-02-23T23:48:02Z
30248,2019-02-23T23:48:12Z,2019-02-24T01:10:00Z
30249,2019-02-24T01:10:13Z,2019-02-24T02:32:10Z
30250,2019-02-24T02:32:13Z,2019-02-24T03:56:44Z
30251,2019-02-24T03:56:46Z,2019-02-24T05:29:27Z
30252,2019-02-24T05:30:16Z,2019-02-24T06:52:24Z
30253,2019-02-24T06:52:41Z,2019-02-24T08:17:55Z
30254,2019-02-24T08:18:01Z,2019-02-24T09:26:55Z
30255,2019-02-24T09:27:36Z,2019-02-24T10:46:05Z
30256,2019-02-24T10:46:14Z,2019-02-24T12:03:21Z
30257,2019-02-24T12:03:46Z,2019-02-24T13:24:58Z
30258,2019-02-24T13:25:07Z,2019-02-24T14:40:00Z
30259,2019-02-24T14:40:13Z,2019-02-24T16:00:32Z
30260,2019-02-24T16:01:15Z,2019-02-24T17:21:07Z
30261,2019-02-24T17:21:14Z,2019-02-24T18:40:14Z
30262,2019-02-24T18:40:42Z,2019-02-24T20:00:43Z
30263,2019-02-24T20:00:50Z,2019-02-24T21:23:49Z
30264,2019-02-24T21:24:06Z,2019-02-24T22:39:21Z
30265,2019-02-24T22:39:33Z,2019-02-25T00:07:32Z
30266,2019-02-25T00:07:34Z,2019-02-25T01:27:12Z
30267,2019-02-25T01:27:43Z,2019-02-25T02:47:51Z
30268,2019-02-25T02:47:53Z,2019-02-25T04:06:52Z
30269,2019-02-25T04:08:55Z,2019-02-25T05:27:43Z
30270,2019-02-25T05:27:51Z,2019-02-25T06:41:26Z
30271,2019-02-25T06:41:30Z,2019-02-25T08:06:51Z
30272,2019-02-25T08:07:17Z,2019-02-25T09:35:55Z
30273,2019-02-25T09:35:58Z,2019-02-25T10:55:39Z
30274,2019-02-25T10:55:48Z,2019-02-25T12:19:47Z
30275,2019-02-25T12:20:07Z,2019-02-25T13:47:34Z
30276,2019-02-25T13:47:42Z,2019-02-25T15:02:00Z
30277,2019-02-25T15:02:11Z,2019-02-25T16:27:12Z
30278,2019-02-25T16:27:23Z,2019-02-25T17:48:59Z
30279,2019-02-25T17:49:28Z,2019-02-25T19:11:05Z
30280,2019-02-25T19:12:06Z,2019-02-25T20:34:24Z
30281,2019-02-25T20:34:59Z,2019-02-25T21:56:10Z
30282,2019-02-25T21:56:15Z,2019-02-25T23:11:49Z
30283,2019-02-25T23:12:27Z,2019-02-26T00:30:48Z
30284,2019-02-26T00:31:14Z,2019-02-26T01:49:07Z
30285,2019-02-26T01:49:16Z,2019-02-26T03:13:45Z
30286,2019-02-26T03:14:02Z,2019-02-26T04:26:50Z
30287,2019-02-26T04:27:01Z,2019-02-26T05:47:48Z
30288,2019-02-26T05:48:31Z,2019-02-26T07:12:06Z
30289,2019-02-26T07:12:41Z,2019-02-26T08:40:38Z
30290,2019-02-26T08:40:44Z,2019-02-26T10:09:07Z
30291,2019-02-26T10:09:32Z,2019-02-26T11:36:40Z
30292,2019-02-26T11:36:42Z,2019-02-26T12:55:04Z
30293,2019-02-26T12:55:57Z,2019-02-26T14:13:50Z
30294,2019-02-26T14:14:24Z,2019-02-26T15:26:19Z
30295,2019-02-26T15:27:02Z,2019-02-26T16:50:15Z
30296,2019-02-26T16:50:23Z,2019-02-26T18:03:35Z
30297,2019-02-26T18:04:05Z,2019-02-26T19:23:33Z
30298,2019-02-26T19:25:09Z,2019-02-26T20:39:55Z
30299,2019-02-26T20:40:08Z,2019-02-26T21:59:19Z
30300,2019-02-26T21:59:59Z,2019-02-26T23:27:56Z
30301,2019-02-26T23:28:44Z,2019-02-27T00:45:10Z
30302,2019-02-27T00:45:21Z,2019-02-27T02:12:57Z
30303,2019-02-27T02:13:14Z,2019-02-27T03:35:52Z
30304,2019-02-27T03:36:08Z,2019-02-27T05:01:53Z
30305,2019-02-27T05:01:57Z,2019-02-27T06:20:19Z
30306,2019-02-27T06:20:22Z,2019-02-27T07:49:06Z
30307,2019-02-27T07:49:28Z,2019-02-27T09:04:28Z
30308,2019-02-27T09:04:49Z,2019-02-27T10:24:27Z
30309,2019-02-27T10:24:38Z,2019-02-27T11:41:53Z
30310,2019-02-27T11:42:40Z,2019-02-27T13:04:24Z
30311,2019-02-27T13:05:32Z,2019-02-27T14:14:13Z
30312,2019-02-27T14:14:32Z,2019-02-27T15:37:55Z
30313,2019-02-27T15:38:00Z,2019-02-27T16:56:05Z
30314,2019-02-27T16:56:37Z,2019-02-27T18:19:24Z
30315,2019-02-27T18:19:45Z,2019-02-27T19:43:16Z
30316,2019-02-27T19:43:47Z,2019-02-27T20:57:51Z
30317,2019-02-27T20:58:07Z,2019-02-27T22:18:43Z
30318,2019-02-27T22:18:59Z,2019-02-27T23:40:04Z
30319,2019-02-27T23:40:20Z,2019-02-28T01:01:15Z
30320,2019-02-28T01:01:39Z,2019-02-28T02:22:58Z
30321,2019-02-28T02:23:11Z,2019-02-28T03:41:07Z
30322,2019-02-28T03:41:45Z,2019-02-28T05:01:30Z
30323,2019-02-28T05:01:39Z,2019-02-28T06:24:48Z
30324,2019-02-28T06:24:55Z,2019-02-28T07:49:17Z
30325,2019-02-28T07:49:46Z,2019-02-28T09:14:56Z
30326,2019-02-28T09:15:24Z,2019-02-28T10:35:54Z
30327,2019-02-28T10:35:56Z,2019-02-28T11:59:28Z
30328,2019-02-28T11:59:39Z,2019-02-28T13:18:53Z
30329,2019-02-28T13:19:00Z,2019-02-28T14:41:12Z
30330,2019-02-28T14:41:22Z,2019-02-28T16:04:23Z
30331,2019-02-28T16:04:27Z,2019-02-28T17:24:00Z
30332,2019-02-28T17:24:21Z,2019-02-28T18:41:08Z
30333,2019-02-28T18:41:51Z,2019-02-28T20:04:39Z
30334,2019-02-28T20:05:02Z,2019-02-28T21:18:38Z
30335,2019-02-28T21:18:46Z,2019-02-28T22:23:27Z
30336,2019-02-28T22:23:29Z,2019-02-28T23:31:17Z
30337,2019-02-28T23:31:51Z,2019-03-01T00:37:24Z
30338,2019-03-01T00:37:35Z,2019-03-01T01:44:45Z
30339,2019-03-01T01:45:47Z,2019-03-01T02:44:59Z
30340,2019-03-01T02:45:31Z,2019-03-01T03:50:32Z
30341,2019-03-01T03:50:34Z,2019-03-01T04:55:26Z
30342,2019-03-01T04:55:29Z,2019-03-01T05:51:04Z
30343,2019-03-01T05:51:21Z,2019-03-01T06:48:01Z
30344,2019-03-01T06:48:12Z,2019-03-01T07:43:48Z
30345,2019-03-01T07:44:11Z,2019-03-01T08:44:31Z
30346,2019-03-01T08:44:56Z,2019-03-01T09:42:08Z
30347,2019-03-01T09:42:18Z,2019-03-01T10:37:05Z
30348,2019-03-01T10:37:28Z,2019-03-01T11:34:41Z
30349,2019-03-01T11:35:00Z,2019-03-01T12:29:53Z
30350,2019-03-01T12:30:00Z,2019-03-01T13:25:48Z
30351,2019-03-01T13:25:50Z,2019-03-01T14:25:06Z
30352,2019-03-01T14:25:24Z,2019-03-01T15:26:27Z
30353,2019-03-01T15:26:30Z,2019-03-01T16:18:01Z
30354,2019-03-01T16:18:14Z,2019-03-01T17:15:13Z
30355,2019-03-01T17:15:23Z,2019-03-01T18:05:47Z
30356,2019-03-01T18:06:07Z,2019-03-01T19:01:27Z
30357,2019-03-01T19:01:34Z,2019-03-01T19:57:34Z
30358,2019-03-01T19:57:48Z,2019-03-01T20:53:41Z
30359,2019-03-01T20:54:05Z,2019-03-01T21:54:50Z
30360,2019-03-01T21:55:01Z,2019-03-01T22:44:14Z
30361,2019-03-01T22:44:35Z,2019-03-01T23:36:45Z
30362,2019-03-01T23:37:30Z,2019-03-02T00:29:39Z
30363,2019-03-02T00:29:59Z,2019-03-02T01:26:52Z
30364,2019-03-02T01:27:16Z,2019-03-02T02:22:12Z
30365,2019-03-02T02:22:39Z,2019-03-02T03:15:30Z
30366,2019-03-02T03:15:36Z,2019-03-02T04:07:50Z
30367,2019-03-02T04:07:54Z,2019-03-02T05:04:29Z
30368,2019-03-02T05:04:37Z,2019-03-02T05:55:34Z
30369,2019-03-02T05:56:06Z,2019-03-02T06:48:05Z
30370,2019-03-02T06:48:18Z,2019-03-02T07:44:43Z
30371,2019-03-02T07:44:57Z,2019-03-02T08:34:49Z
30372,2019-03-02T08:35:30Z,2019-03-02T09:27:51Z
30373,2019-03-02T09:28:30Z,2019-03-02T10:21:14Z
30374,2019-03-02T10:21:16Z,2019-03-02T11:17:17Z
30375,2019-03-02T11:17:20Z,2019-03-02T12:09:53Z
30376,2019-03-02T12:09:58Z,2019-03-02T13:01:11Z
30377,2019-03-02T13:01:29Z,2019-03-02T13:52:57Z
30378,2019-03-02T13:53:20Z,2019-03-02T14:53:54Z
30379,2019-03-02T14:54:15Z,2019-03-02T15:52:31Z
30380,2019-03-02T15:52:35Z,2019-03-02T16:50:13Z
30381,2019-03-02T16:50:24Z,2019-03-02T17:43:53Z
30382,2019-03-02T17:44:01Z,2019-03-02T18:44:24Z
30383,2019-03-02T18:44:37Z,2019-03-02T19:38:18Z
30384,2019-03-02T19:38:20Z,2019-03-02T20:29:01Z
30385,2019-03-02T20:29:07Z,2019-03-02T21:22:19Z
30386,2019-03-02T21:22:31Z,2019-03-02T22:14:33Z
30387,2019-03-02T22:14:43Z,2019-03-02T23:09:45Z
30388,2019-03-02T23:10:03Z,2019-03-02T23:56:35Z
30389,2019-03-02T23:56:43Z,2019-03-03T00:56:24Z
30390,2019-03-03T00:56:30Z,2019-03-03T01:50:34Z
30391,2019-03-03T01:51:24Z,2019-03-03T02:48:33Z
30392,2019-03-03T02:48:40Z,2019-03-03T03:41:25Z
30393,2019-03-03T03:41:32Z,2019-03-03T04:36:18Z
30394,2019-03-03T04:36:21Z,2019-03-03T05:31:46Z
30395,2019-03-03T05:31:49Z,2019-03-03T06:25:02Z
30396,2019-03-03T06:25:10Z,2019-03-03T07:21:54Z
30397,2019-03-03T07:21:57Z,2019-03-03T08:10:33Z
30398,2019-03-03T08:10:38Z,2019-03-03T09:01:40Z
30399,2019-03-03T09:01:53Z,2019-03-03T09:57:17Z
30400,2019-03-03T09:57:32Z,2019-03-03T10:46:31Z
30401,2019-03-03T10:46:41Z,2019-03-03T11:40:38Z
30402,2019-03-03T11:40:57Z,2019-03-03T12:32:34Z
30403,2019-03-03T12:32:47Z,2019-03-03T13:26:52Z
30404,2019-03-03T13:27:11Z,2019-03-03T14:25:28Z
30405,2019-03-03T14:25:37Z,2019-03-03T15:19:36Z
30406,2019-03-03T15:19:39Z,2019-03-03T16:10:44Z
30407,2019-03-03T16:10:50Z,2019-03-03T17:01:36Z
30408,2019-03-03T17:01:43Z,2019-03-03T18:00:36Z
30409,2019-03-03T18:00:41Z,2019-03-03T18:54:28Z
30410,2019-03-03T18:55:10Z,2019-03-03T19:46:54Z
30411,2019-03-03T19:47:08Z,2019-03-03T20:45:33Z
30412,2019-03-03T20:46:10Z,2019-03-03T21:34:23Z
30413,2019-03-03T21:34:32Z,2019-03-03T22:27:34Z
30414,2019-03-03T22:28:40Z,2019-03-03T23:19:00Z
30415,2019-03-03T23:19:33Z,2019-03-04T00:16:53Z
30416,2019-03-04T00:17:04Z,2019-03-04T01:15:02Z
30417,2019-03-04T01:15:04Z,2019-03-04T02:04:58Z
30418,2019-03-04T02:05:18Z,2019-03-04T03:04:20Z
30419,2019-03-04T03:04:22Z,2019-03-04T03:55:46Z
30420,2019-03-04T03:55:52Z,2019-03-04T04:50:34Z
30421,2019-03-04T04:50:36Z,2019-03-04T05:45:52Z
30422,2019-03-04T05:46:03Z,2019-03-04T06:38:44Z
30423,2019-03-04T06:38:56Z,2019-03-04T07:34:15Z
30424,2019-03-04T07:34:28Z,2019-03-04T08:30:49Z
30425,2019-03-04T08:30:54Z,2019-03-04T09:22:05Z
30426,2019-03-04T09:22:16Z,2019-03-04T10:17:34Z
30427,2019-03-04T10:17:59Z,2019-03-04T11:14:39Z
30428,2019-03-04T11:14:59Z,2019-03-04T12:04:09Z
30429,2019-03-04T12:04:14Z,2019-03-04T13:00:07Z
30430,2019-03-04T13:00:08Z,2019-03-04T13:51:33Z
30431,2019-03-04T13:51:50Z,2019-03-04T14:45:19Z
30432,2019-03-04T14:45:30Z,2019-03-04T15:39:56Z
30433,2019-03-04T15:40:04Z,2019-03-04T16:33:31Z
30434,2019-03-04T16:33:41Z,2019-03-04T17:29:38Z
30435,2019-03-04T17:29:40Z,2019-03-04T18:25:42Z
30436,2019-03-04T18:25:53Z,2019-03-04T19:18:17Z
30437,2019-03-04T19:18:22Z,2019-03-04T20:18:51Z
30438,2019-03-04T20:18:59Z,2019-03-04T21:08:39Z
30439,2019-03-04T21:08:55Z,2019-03-04T22:00:55Z
30440,2019-03-04T22:01:07Z,2019-03-04T22:54:02Z
30441,2019-03-04T22:54:03Z,2019-03-04T23:48:58Z
30442,2019-03-04T23:49:06Z,2019-03-05T00:40:25Z
30443,2019-03-05T00:40:40Z,2019-03-05T01:31:27Z
30444,2019-03-05T01:31:44Z,2019-03-05T02:22:31Z
30445,2019-03-05T02:22:37Z,2019-03-05T03:20:35Z
30446,2019-03-05T03:20:45Z,2019-03-05T04:15:34Z
30447,2019-03-05T04:15:40Z,2019-03-05T05:03:03Z
30448,2019-03-05T05:03:10Z,2019-03-05T06:04:55Z
30449,2019-03-05T06:05:10Z,2019-03-05T06:58:16Z
30450,2019-03-05T06:58:29Z,2019-03-05T07:48:48Z
30451,2019-03-05T07:48:54Z,2019-03-05T08:45:31Z
30452,2019-03-05T08:45:43Z,2019-03-05T09:33:35Z
30453,2019-03-05T09:33:37Z,2019-03-05T10:31:51Z
30454,2019-03-05T10:32:19Z,2019-03-05T11:28:09Z
30455,2019-03-05T11:28:10Z,2019-03-05T12:23:24Z
30456,2019-03-05T12:23:56Z,2019-03-05T13:22:54Z
30457,2019-03-05T13:23:01Z,2019-03-05T14:24:02Z
30458,2019-03-05T14:24:13Z,2019-03-05T15:21:45Z
30459,2019-03-05T15:21:59Z,2019-03-05T16:12:55Z
30460,2019-03-05T16:13:10Z,2019-03-05T17:02:48Z
30461,2019-03-05T17:02:57Z,2019-03-05T17:52:20Z
30462,2019-03-05T17:52:34Z,2019-03-05T18:46:17Z
30463,2019-03-05T18:46:20Z,2019-03-05T19:42:01Z
30464,2019-03-05T19:42:08Z,2019-03-05T20:36:35Z
30465,2019-03-05T20:36:44Z,2019-03-05T21:26:09Z
30466,2019-03-05T21:26:33Z,2019-03-05T22:16:40Z
30467,2019-03-05T22:16:45Z,2019-03-05T23:07:39Z
30468,2019-03-05T23:07:50Z,2019-03-05T23:57:00Z
30469,2019-03-05T23:57:10Z,2019-03-06T00:53:29Z
30470,2019-03-06T00:53:34Z,2019-03-06T01:47:24Z
30471,2019-03-06T01:47:26Z,2019-03-06T02:45:42Z
30472,2019-03-06T02:45:44Z,2019-03-06T03:42:45Z
30473,2019-03-06T03:42:54Z,2019-03-06T04:34:02Z
30474,2019-03-06T04:34:34Z,2019-03-06T05:29:50Z
30475,2019-03-06T05:29:56Z,2019-03-06T06:24:31Z
30476,2019-03-06T06:24:35Z,2019-03-06T07:17:42Z
30477,2019-03-06T07:17:58Z,2019-03-06T08:14:53Z
30478,2019-03-06T08:15:00Z,2019-03-06T09:07:26Z
30479,2019-03-06T09:07:42Z,2019-03-06T10:02:49Z
30480,2019-03-06T10:02:56Z,2019-03-06T10:56:49Z
30481,2019-03-06T10:57:18Z,2019-03-06T11:46:13Z
30482,2019-03-06T11:46:30Z,2019-03-06T12:41:05Z
30483,2019-03-06T12:41:21Z,2019-03-06T13:34:29Z
30484,2019-03-06T13:34:32Z,2019-03-06T14:25:29Z
30485,2019-03-06T14:25:47Z,2019-03-06T15:16:09Z
30486,2019-03-06T15:16:25Z,2019-03-06T16:07:09Z
30487,2019-03-06T16:07:22Z,2019-03-06T16:59:51Z
30488,2019-03-06T16:59:57Z,2019-03-06T17:54:08Z
30489,2019-03-06T17:54:17Z,2019-03-06T18:48:41Z
30490,2019-03-06T18:48:56Z,2019-03-06T19:41:47Z
30491,2019-03-06T19:42:08Z,2019-03-06T20:35:09Z
30492,2019-03-06T20:35:27Z,2019-03-06T21:31:15Z
30493,2019-03-06T21:31:35Z,2019-03-06T22:25:19Z
30494,2019-03-06T22:25:39Z,2019-03-06T23:18:23Z
30495,2019-03-06T23:18:30Z,2019-03-07T00:13:21Z
30496,2019-03-07T00:13:35Z,2019-03-07T01:11:18Z
30497,2019-03-07T01:11:28Z,2019-03-07T02:00:51Z
30498,2019-03-07T02:01:11Z,2019-03-07T02:56:41Z
30499,2019-03-07T02:56:51Z,2019-03-07T03:50:08Z
30500,2019-03-07T03:50:10Z,2019-03-07T04:46:35Z
30501,2019-03-07T04:46:48Z,2019-03-07T05:38:45Z
30502,2019-03-07T05:39:28Z,2019-03-07T06:29:57Z
30503,2019-03-07T06:30:07Z,2019-03-07T07:25:28Z
30504,2019-03-07T07:25:37Z,2019-03-07T08:21:14Z
30505,2019-03-07T08:21:35Z,2019-03-07T09:14:29Z
30506,2019-03-07T09:15:11Z,2019-03-07T10:11:08Z
30507,2019-03-07T10:11:10Z,2019-03-07T11:06:14Z
30508,2019-03-07T11:06:36Z,2019-03-07T12:01:22Z
30509,2019-03-07T12:01:28Z,2019-03-07T12:54:46Z
30510,2019-03-07T12:55:11Z,2019-03-07T13:50:48Z
30511,2019-03-07T13:51:08Z,2019-03-07T14:38:40Z
30512,2019-03-07T14:38:48Z,2019-03-07T15:37:12Z
30513,2019-03-07T15:37:21Z,2019-03-07T16:29:30Z
30514,2019-03-07T16:29:32Z,2019-03-07T17:20:31Z
30515,2019-03-07T17:20:54Z,2019-03-07T18:11:43Z
30516,2019-03-07T18:12:55Z,2019-03-07T19:12:21Z
30517,2019-03-07T19:12:31Z,2019-03-07T20:06:23Z
30518,2019-03-07T20:06:34Z,2019-03-07T20:57:05Z
30519,2019-03-07T20:57:10Z,2019-03-07T21:46:41Z
30520,2019-03-07T21:46:49Z,2019-03-07T22:39:32Z
30521,2019-03-07T22:40:08Z,2019-03-07T23:31:28Z
30522,2019-03-07T23:31:32Z,2019-03-08T00:24:38Z
30523,2019-03-08T00:24:44Z,2019-03-08T01:16:35Z
30524,2019-03-08T01:16:54Z,2019-03-08T02:13:18Z
30525,2019-03-08T02:13:19Z,2019-03-08T03:09:01Z
30526,2019-03-08T03:09:10Z,2019-03-08T03:58:08Z
30527,2019-03-08T03:58:29Z,2019-03-08T04:51:52Z
30528,2019-03-08T04:51:53Z,2019-03-08T05:50:08Z
30529,2019-03-08T05:50:14Z,2019-03-08T06:41:39Z
30530,2019-03-08T06:41:46Z,2019-03-08T07:34:14Z
30531,2019-03-08T07:34:19Z,2019-03-08T08:27:51Z
30532,2019-03-08T08:27:58Z,2019-03-08T09:22:12Z
30533,2019-03-08T09:22:20Z,2019-03-08T10:17:18Z
30534,2019-03-08T10:17:30Z,2019-03-08T11:12:29Z
30535,2019-03-08T11:12:47Z,2019-03-08T12:02:33Z
30536,2019-03-08T12:02:51Z,2019-03-08T12:55:47Z
30537,2019-03-08T12:55:54Z,2019-03-08T13:53:08Z
30538,2019-03-08T13:53:22Z,2019-03-08T14:47:45Z
30539,2019-03-08T14:48:28Z,2019-03-08T15:41:41Z
30540,2019-03-08T15:41:51Z,2019-03-08T16:37:13Z
30541,2019-03-08T16:37:48Z,2019-03-08T17:29:52Z
30542,2019-03-08T17:29:58Z,2019-03-08T18:19:12Z
30543,2019-03-08T18:19:17Z,2019-03-08T19:20:12Z
30544,2019-03-08T19:20:34Z,2019-03-08T20:15:36Z
30545,2019-03-08T20:15:38Z,2019-03-08T21:10:40Z
30546,2019-03-08T21:11:03Z,2019-03-08T22:09:00Z
30547,2019-03-08T22:09:37Z,2019-03-08T23:02:48Z
30548,2019-03-08T23:02:53Z,2019-03-08T23:53:09Z
30549,2019-03-08T23:53:33Z,2019-03-09T00:48:25Z
30550,2019-03-09T00:48:56Z,2019-03-09T01:45:31Z
30551,2019-03-09T01:45:46Z,2019-03-09T02:40:08Z
30552,2019-03-09T02:40:09Z,2019-03-09T03:39:31Z
30553,2019-03-09T03:39:32Z,2019-03-09T04:31:36Z
30554,2019-03-09T04:31:43Z,2019-03-09T05:24:16Z
30555,2019-03-09T05:24:23Z,2019-03-09T06:14:16Z
30556,2019-03-09T06:14:18Z,2019-03-09T07:01:13Z
30557,2019-03-09T07:01:19Z,2019-03-09T07:55:59Z
30558,2019-03-09T07:56:22Z,2019-03-09T08:48:53Z
30559,2019-03-09T08:49:04Z,2019-03-09T09:48:00Z
30560,2019-03-09T09:48:53Z,2019-03-09T10:42:23Z
30561,2019-03-09T10:42:27Z,2019-03-09T11:37:48Z
30562,2019-03-09T11:38:11Z,2019-03-09T12:30:04Z
30563,2019-03-09T12:30:13Z,2019-03-09T13:20:59Z
30564,2019-03-09T13:21:10Z,2019-03-09T14:15:14Z
30565,2019-03-09T14:15:38Z,2019-03-09T15:11:14Z
30566,2019-03-09T15:11:19Z,2019-03-09T16:05:02Z
30567,2019-03-09T16:05:34Z,2019-03-09T16:58:25Z
30568,2019-03-09T16:58:37Z,2019-03-09T17:48:36Z
30569,2019-03-09T17:48:41Z,2019-03-09T18:48:55Z
30570,2019-03-09T18:49:03Z,2019-03-09T19:43:57Z
30571,2019-03-09T19:44:05Z,2019-03-09T20:37:11Z
30572,2019-03-09T20:37:17Z,2019-03-09T21:29:03Z
30573,2019-03-09T21:29:04Z,2019-03-09T22:25:59Z
30574,2019-03-09T22:26:05Z,2019-03-09T23:18:17Z
30575,2019-03-09T23:18:27Z,2019-03-10T00:12:55Z
30576,2019-03-10T00:13:13Z,2019-03-10T01:05:09Z
30577,2019-03-10T01:05:24Z,2019-03-10T01:55:38Z
30578,2019-03-10T01:56:18Z,2019-03-10T02:47:29Z
30579,2019-03-10T02:47:34Z,2019-03-10T03:37:48Z
30580,2019-03-10T03:38:05Z,2019-03-10T04:33:44Z
30581,2019-03-10T04:34:09Z,2019-03-10T05:27:37Z
30582,2019-03-10T05:27:44Z,2019-03-10T06:23:45Z
30583,2019-03-10T06:23:47Z,2019-03-10T07:17:43Z
30584,2019-03-10T07:18:21Z,2019-03-10T08:07:28Z
30585,2019-03-10T08:08:02Z,2019-03-10T09:03:53Z
30586,2019-03-10T09:04:15Z,2019-03-10T10:00:41Z
30587,2019-03-10T10:00:53Z,2019-03-10T10:56:24Z
30588,2019-03-10T10:56:30Z,2019-03-10T11:49:50Z
30589,2019-03-10T11:50:29Z,2019-03-10T12:47:54Z
30590,2019-03-10T12:48:01Z,2019-03-10T13:40:12Z
30591,2019-03-10T13:40:30Z,2019-03-10T14:36:53Z
30592,2019-03-10T14:37:13Z,2019-03-10T15:21:03Z
30593,2019-03-10T15:21:42Z,2019-03-10T16:12:11Z
30594,2019-03-10T16:12:32Z,2019-03-10T17:06:04Z
30595,2019-03-10T17:06:10Z,2019-03-10T17:56:42Z
30596,2019-03-10T17:56:54Z,2019-03-10T18:49:16Z
30597,2019-03-10T18:49:35Z,2019-03-10T19:45:38Z
30598,2019-03-10T19:45:41Z,2019-03-10T20:31:21Z
30599,2019-03-10T20:31:31Z,2019-03-10T21:24:05Z
30600,2019-03-10T21:24:07Z,2019-03-10T22:17:01Z
30601,2019-03-10T22:17:17Z,2019-03-10T23:12:20Z
30602,2019-03-10T23:12:37Z,2019-03-11T00:06:37Z
30603,2019-03-11T00:07:02Z,2019-03-11T01:03:51Z
30604,2019-03-11T01:04:15Z,2019-03-11T02:02:13Z
30605,2019-03-11T02:03:09Z,2019-03-11T02:56:11Z
30606,2019-03-11T02:56:25Z,2019-03-11T03:53:00Z
30607,2019-03-11T03:53:23Z,2019-03-11T04:46:20Z
30608,2019-03-11T04:46:42Z,2019-03-11T05:41:38Z
30609,2019-03-11T05:41:42Z,2019-03-11T06:32:00Z
30610,2019-03-11T06:32:06Z,2019-03-11T07:34:39Z
30611,2019-03-11T07:34:54Z,2019-03-11T08:25:48Z
30612,2019-03-11T08:25:49Z,2019-03-11T09:13:49Z
30613,2019-03-11T09:13:53Z,2019-03-11T10:09:24Z
30614,2019-03-11T10:09:25Z,2019-03-11T11:04:30Z
30615,2019-03-11T11:05:18Z,2019-03-11T11:55:57Z
30616,2019-03-11T11:56:09Z,2019-03-11T12:47:47Z
30617,2019-03-11T12:47:48Z,2019-03-11T13:38:32Z
30618,2019-03-11T13:38:47Z,2019-03-11T14:28:23Z
30619,2019-03-11T14:28:44Z,2019-03-11T15:27:41Z
30620,2019-03-11T15:27:43Z,2019-03-11T16:22:16Z
30621,2019-03-11T16:22:41Z,2019-03-11T17:20:59Z
30622,2019-03-11T17:21:12Z,2019-03-11T18:16:25Z
30623,2019-03-11T18:16:29Z,2019-03-11T19:05:12Z
30624,2019-03-11T19:06:05Z,2019-03-11T19:58:24Z
30625,2019-03-11T19:58:37Z,2019-03-11T20:56:39Z
30626,2019-03-11T20:56:45Z,2019-03-11T21:48:45Z
30627,2019-03-11T21:49:14Z,2019-03-11T22:40:58Z
30628,2019-03-11T22:41:04Z,2019-03-11T23:36:20Z
30629,2019-03-11T23:36:41Z,2019-03-12T00:25:12Z
30630,2019-03-12T00:25:22Z,2019-03-12T01:17:03Z
30631,2019-03-12T01:17:23Z,2019-03-12T02:07:40Z
30632,2019-03-12T02:07:58Z,2019-03-12T03:00:34Z
30633,2019-03-12T03:00:35Z,2019-03-12T03:58:02Z
30634,2019-03-12T03:58:04Z,2019-03-12T04:57:33Z
30635,2019-03-12T04:58:01Z,2019-03-12T05:46:07Z
30636,2019-03-12T05:46:20Z,2019-03-12T06:40:20Z
30637,2019-03-12T06:40:49Z,2019-03-12T07:39:12Z
30638,2019-03-12T07:39:40Z,2019-03-12T08:31:12Z
30639,2019-03-12T08:31:51Z,2019-03-12T09:23:57Z
30640,2019-03-12T09:24:10Z,2019-03-12T10:20:43Z
30641,2019-03-12T10:21:03Z,2019-03-12T11:15:17Z
30642,2019-03-12T11:15:24Z,2019-03-12T12:15:03Z
30643,2019-03-12T12:15:07Z,2019-03-12T13:07:41Z
30644,2019-03-12T13:08:25Z,2019-03-12T14:01:05Z
30645,2019-03-12T14:01:12Z,2019-03-12T14:46:35Z
30646,2019-03-12T14:46:42Z,2019-03-12T15:41:47Z
30647,2019-03-12T15:42:39Z,2019-03-12T16:38:57Z
30648,2019-03-12T16:39:11Z,2019-03-12T17:28:15Z
30649,2019-03-12T17:28:40Z,2019-03-12T18:25:23Z
30650,2019-03-12T18:25:29Z,2019-03-12T19:13:26Z
30651,2019-03-12T19:13:39Z,2019-03-12T20:05:46Z
30652,2019-03-12T20:06:09Z,2019-03-12T20:55:17Z
30653,2019-03-12T20:55:21Z,2019-03-12T21:45:56Z
30654,2019-03-12T21:46:07Z,2019-03-12T22:45:55Z
30655,2019-03-12T22:45:57Z,2019-03-12T23:43:54Z
30656,2019-03-12T23:44:04Z,2019-03-13T00:36:05Z
30657,2019-03-13T00:36:16Z,2019-03-13T01:31:54Z
30658,2019-03-13T01:31:57Z,2019-03-13T02:23:15Z
30659,2019-03-13T02:23:32Z,2019-03-13T03:22:56Z
30660,2019-03-13T03:23:12Z,2019-03-13T04:18:03Z
30661,2019-03-13T04:18:20Z,2019-03-13T05:13:09Z
30662,2019-03-13T05:13:17Z,2019-03-13T06:04:39Z
30663,2019-03-13T06:04:52Z,2019-03-13T06:58:41Z
30664,2019-03-13T06:58:54Z,2019-03-13T07:54:26Z
30665,2019-03-13T07:54:28Z,2019-03-13T08:47:42Z
30666,2019-03-13T08:47:59Z,2019-03-13T09:41:05Z
30667,2019-03-13T09:41:19Z,2019-03-13T10:33:00Z
30668,2019-03-13T10:33:24Z,2019-03-13T11:24:21Z
30669,2019-03-13T11:24:22Z,2019-03-13T12:18:46Z
30670,2019-03-13T12:18:49Z,2019-03-13T13:18:29Z
30671,2019-03-13T13:18:31Z,2019-03-13T14:10:29Z
30672,2019-03-13T14:10:31Z,2019-03-13T15:05:50Z
30673,2019-03-13T15:06:16Z,2019-03-13T16:00:22Z
30674,2019-03-13T16:00:37Z,2019-03-13T16:55:44Z
30675,2019-03-13T16:55:52Z,2019-03-13T17:53:23Z
30676,2019-03-13T17:53:38Z,2019-03-13T18:45:53Z
30677,2019-03-13T18:45:57Z,2019-03-13T19:39:18Z
30678,2019-03-13T19:39:37Z,2019-03-13T20:33:41Z
30679,2019-03-13T20:33:43Z,2019-03-13T21:21:53Z
30680,2019-03-13T21:22:00Z,2019-03-13T22:11:24Z
30681,2019-03-13T22:11:36Z,2019-03-13T23:09:54Z
30682,2019-03-13T23:09:59Z,2019-03-13T23:59:17Z
30683,2019-03-13T23:59:19Z,2019-03-14T00:53:06Z
30684,2019-03-14T00:53:19Z,2019-03-14T01:46:47Z
30685,2019-03-14T01:47:21Z,2019-03-14T02:37:13Z
30686,2019-03-14T02:37:48Z,2019-03-14T03:29:23Z
30687,2019-03-14T03:29:47Z,2019-03-14T04:18:23Z
30688,2019-03-14T04:18:50Z,2019-03-14T05:15:14Z
30689,2019-03-14T05:15:16Z,2019-03-14T06:10:29Z
30690,2019-03-14T06:10:35Z,2019-03-14T07:08:57Z
30691,2019-03-14T07:09:33Z,2019-03-14T08:04:37Z
30692,2019-03-14T08:04:54Z,2019-03-14T08:58:55Z
30693,2019-03-14T08:58:58Z,2019-03-14T09:50:45Z
30694,2019-03-14T09:50:46Z,2019-03-14T10:46:10Z
30695,2019-03-14T10:46:20Z,2019-03-14T11:47:44Z
30696,2019-03-14T11:47:53Z,2019-03-14T12:37:41Z
30697,2019-03-14T12:37:42Z,2019-03-14T13:27:38Z
30698,2019-03-14T13:27:50Z,2019-03-14T14:25:04Z
30699,2019-03-14T14:25:05Z,2019-03-14T15:23:38Z
30700,2019-03-14T15:23:48Z,2019-03-14T16:12:03Z
30701,2019-03-14T16:12:07Z,2019-03-14T17:03:39Z
30702,2019-03-14T17:03:41Z,2019-03-14T17:59:00Z
30703,2019-03-14T17:59:02Z,2019-03-14T18:51:32Z
30704,2019-03-14T18:51:44Z,2019-03-14T19:46:19Z
30705,2019-03-14T19:46:35Z,2019-03-14T20:43:11Z
30706,2019-03-14T20:43:17Z,2019-03-14T21:38:31Z
30707,2019-03-14T21:38:49Z,2019-03-14T22:31:26Z
30708,2019-03-14T22:31:42Z,2019-03-14T23:24:01Z
30709,2019-03-14T23:24:05Z,2019-03-15T00:08:25Z
30710,2019-03-15T00:08:40Z,2019-03-15T01:03:31Z
30711,2019-03-15T01:04:06Z,2019-03-15T01:56:53Z
30712,2019-03-15T01:56:56Z,2019-03-15T02:50:05Z
30713,2019-03-15T02:50:09Z,2019-03-15T03:43:39Z
30714,2019-03-15T03:43:49Z,2019-03-15T04:33:21Z
30715,2019-03-15T04:33:30Z,2019-03-15T05:26:37Z
30716,2019-03-15T05:26:40Z,2019-03-15T06:23:04Z
30717,2019-03-15T06:23:24Z,2019-03-15T07:13:11Z
30718,2019-03-15T07:14:02Z,2019-03-15T08:08:50Z
30719,2019-03-15T08:08:51Z,2019-03-15T09:04:09Z
30720,2019-03-15T09:04:19Z,2019-03-15T10:00:12Z
30721,2019-03-15T10:00:28Z,2019-03-15T10:53:39Z
30722,2019-03-15T10:53:47Z,2019-03-15T11:50:17Z
30723,2019-03-15T11:50:20Z,2019-03-15T12:41:57Z
30724,2019-03-15T12:42:04Z,2019-03-15T13:34:29Z
30725,2019-03-15T13:34:33Z,2019-03-15T14:28:06Z
30726,2019-03-15T14:28:21Z,2019-03-15T15:22:10Z
30727,2019-03-15T15:22:52Z,2019-03-15T16:13:54Z
30728,2019-03-15T16:14:20Z,2019-03-15T17:09:17Z
30729,2019-03-15T17:09:26Z,2019-03-15T17:57:37Z
30730,2019-03-15T17:57:49Z,2019-03-15T18:50:48Z
30731,2019-03-15T18:50:53Z,2019-03-15T19:50:30Z
30732,2019-03-15T19:50:34Z,2019-03-15T20:53:12Z
30733,2019-03-15T20:53:54Z,2019-03-15T21:46:02Z
30734,2019-03-15T21:46:09Z,2019-03-15T22:42:45Z
30735,2019-03-15T22:42:51Z,2019-03-15T23:31:52Z
30736,2019-03-15T23:31:53Z,2019-03-16T00:22:11Z
30737,2019-03-16T00:22:20Z,2019-03-16T01:11:51Z
30738,2019-03-16T01:12:02Z,2019-03-16T02:01:25Z
30739,2019-03-16T02:01:27Z,2019-03-16T02:50:09Z
30740,2019-03-16T02:50:15Z,2019-03-16T03:45:08Z
30741,2019-03-16T03:45:17Z,2019-03-16T04:42:54Z
30742,2019-03-16T04:43:17Z,2019-03-16T05:37:58Z
30743,2019-03-16T05:38:14Z,2019-03-16T06:32:28Z
30744,2019-03-16T06:32:44Z,2019-03-16T07:30:09Z
30745,2019-03-16T07:30:15Z,2019-03-16T08:20:43Z
30746,2019-03-16T08:20:48Z,2019-03-16T09:13:04Z
30747,2019-03-16T09:13:09Z,2019-03-16T10:06:52Z
30748,2019-03-16T10:07:12Z,2019-03-16T10:54:34Z
30749,2019-03-16T10:54:39Z,2019-03-16T11:46:40Z
30750,2019-03-16T11:46:56Z,2019-03-16T12:36:32Z
30751,2019-03-16T12:36:42Z,2019-03-16T13:32:03Z
30752,2019-03-16T13:32:07Z,2019-03-16T14:27:29Z
30753,2019-03-16T14:27:32Z,2019-03-16T15:23:52Z
30754,2019-03-16T15:24:23Z,2019-03-16T16:15:48Z
30755,2019-03-16T16:16:23Z,2019-03-16T17:16:34Z
30756,2019-03-16T17:16:39Z,2019-03-16T18:04:18Z
30757,2019-03-16T18:04:24Z,2019-03-16T18:54:47Z
30758,2019-03-16T18:54:58Z,2019-03-16T19:50:03Z
30759,2019-03-16T19:50:18Z,2019-03-16T20:41:53Z
30760,2019-03-16T20:42:02Z,2019-03-16T21:38:21Z
30761,2019-03-16T21:38:32Z,2019-03-16T22:32:34Z
30762,2019-03-16T22:32:45Z,2019-03-16T23:23:56Z
30763,2019-03-16T23:24:25Z,2019-03-17T00:13:51Z
30764,2019-03-17T00:13:53Z,2019-03-17T01:10:41Z
30765,2019-03-17T01:11:12Z,2019-03-17T02:04:24Z
30766,2019-03-17T02:04:45Z,2019-03-17T03:07:10Z
30767,2019-03-17T03:07:13Z,2019-03-17T04:00:41Z
30768,2019-03-17T04:01:13Z,2019-03-17T04:53:37Z
30769,2019-03-17T04:53:52Z,2019-03-17T05:42:58Z
30770,2019-03-17T05:43:02Z,2019-03-17T06:35:58Z
30771,2019-03-17T06:35:59Z,2019-03-17T07:29:27Z
30772,2019-03-17T07:29:33Z,2019-03-17T08:22:37Z
30773,2019-03-17T08:22:41Z,2019-03-17T09:19:39Z
30774,2019-03-17T09:20:04Z,2019-03-17T10:18:32Z
30775,2019-03-17T10:18:43Z,2019-03-17T11:11:37Z
30776,2019-03-17T11:11:45Z,2019-03-17T12:05:31Z
30777,2019-03-17T12:05:43Z,2019-03-17T12:56:28Z
30778,2019-03-17T12:56:35Z,2019-03-17T13:51:41Z
30779,2019-03-17T13:51:47Z,2019-03-17T14:44:00Z
30780,2019-03-17T14:44:14Z,2019-03-17T15:36:41Z
30781,2019-03-17T15:36:48Z,2019-03-17T16:27:00Z
30782,2019-03-17T16:27:05Z,2019-03-17T17:16:24Z
30783,2019-03-17T17:16:27Z,2019-03-17T18:06:51Z
30784,2019-03-17T18:07:24Z,2019-03-17T19:06:21Z
30785,2019-03-17T19:06:31Z,2019-03-17T19:56:06Z
30786,2019-03-17T19:56:20Z,2019-03-17T20:55:14Z
30787,2019-03-17T20:55:45Z,2019-03-17T21:54:08Z
30788,2019-03-17T21:54:12Z,2019-03-17T22:47:40Z
30789,2019-03-17T22:47:54Z,2019-03-17T23:39:42Z
30790,2019-03-17T23:39:47Z,2019-03-18T00:28:54Z
30791,2019-03-18T00:29:01Z,2019-03-18T01:23:39Z
30792,2019-03-18T01:23:42Z,2019-03-18T02:16:12Z
30793,2019-03-18T02:16:19Z,2019-03-18T03:11:39Z
30794,2019-03-18T03:12:03Z,2019-03-18T04:06:25Z
30795,2019-03-18T04:06:36Z,2019-03-18T04:59:57Z
30796,2019-03-18T05:00:01Z,2019-03-18T05:54:44Z
30797,2019-03-18T05:54:46Z,2019-03-18T06:51:35Z
30798,2019-03-18T06:51:43Z,2019-03-18T07:45:32Z
30799,2019-03-18T07:45:45Z,2019-03-18T08:38:33Z
30800,2019-03-18T08:38:56Z,2019-03-18T09:33:45Z
30801,2019-03-18T09:34:33Z,2019-03-18T10:28:17Z
30802,2019-03-18T10:28:21Z,2019-03-18T11:24:52Z
30803,2019-03-18T11:24:55Z,2019-03-18T12:20:38Z
30804,2019-03-18T12:21:12Z,2019-03-18T13:16:01Z
30805,2019-03-18T13:16:37Z,2019-03-18T14:07:17Z
30806,2019-03-18T14:07:26Z,2019-03-18T15:01:30Z
30807,2019-03-18T15:01:33Z,2019-03-18T15:55:43Z
30808,2019-03-18T15:55:53Z,2019-03-18T16:42:57Z
30809,2019-03-18T16:43:48Z,2019-03-18T17:35:14Z
30810,2019-03-18T17:35:20Z,2019-03-18T18:28:36Z
30811,2019-03-18T18:29:16Z,2019-03-18T19:26:39Z
30812,2019-03-18T19:26:59Z,2019-03-18T20:23:29Z
30813,2019-03-18T20:23:39Z,2019-03-18T21:19:42Z
30814,2019-03-18T21:19:53Z,2019-03-18T22:10:14Z
30815,2019-03-18T22:10:32Z,2019-03-18T23:06:40Z
30816,2019-03-18T23:06:49Z,2019-03-19T00:02:40Z
30817,2019-03-19T00:03:00Z,2019-03-19T00:59:25Z
30818,2019-03-19T00:59:28Z,2019-03-19T01:53:03Z
30819,2019-03-19T01:53:43Z,2019-03-19T02:49:27Z
30820,2019-03-19T02:49:50Z,2019-03-19T03:42:24Z
30821,2019-03-19T03:42:29Z,2019-03-19T04:37:08Z
30822,2019-03-19T04:37:17Z,2019-03-19T05:29:42Z
30823,2019-03-19T05:29:48Z,2019-03-19T06:24:36Z
30824,2019-03-19T06:24:38Z,2019-03-19T07:16:32Z
30825,2019-03-19T07:16:35Z,2019-03-19T08:09:56Z
30826,2019-03-19T08:10:29Z,2019-03-19T09:00:19Z
30827,2019-03-19T09:00:29Z,2019-03-19T09:57:27Z
30828,2019-03-19T09:57:29Z,2019-03-19T10:52:30Z
30829,2019-03-19T10:52:33Z,2019-03-19T11:45:31Z
30830,2019-03-19T11:45:52Z,2019-03-19T12:41:38Z
30831,2019-03-19T12:41:43Z,2019-03-19T13:34:49Z
30832,2019-03-19T13:34:56Z,2019-03-19T14:37:39Z
30833,2019-03-19T14:37:40Z,2019-03-19T15:26:14Z
30834,2019-03-19T15:26:19Z,2019-03-19T16:19:19Z
30835,2019-03-19T16:19:29Z,2019-03-19T17:08:34Z
30836,2019-03-19T17:08:43Z,2019-03-19T18:03:15Z
30837,2019-03-19T18:03:27Z,2019-03-19T18:52:52Z
30838,2019-03-19T18:53:02Z,2019-03-19T19:48:20Z
30839,2019-03-19T19:48:21Z,2019-03-19T20:43:31Z
30840,2019-03-19T20:44:08Z,2019-03-19T21:36:53Z
30841,2019-03-19T21:37:00Z,2019-03-19T22:31:35Z
30842,2019-03-19T22:31:50Z,2019-03-19T23:22:26Z
30843,2019-03-19T23:22:29Z,2019-03-20T00:17:55Z
30844,2019-03-20T00:18:26Z,2019-03-20T01:12:28Z
30845,2019-03-20T01:13:21Z,2019-03-20T02:02:01Z
30846,2019-03-20T02:02:33Z,2019-03-20T02:53:55Z
30847,2019-03-20T02:54:20Z,2019-03-20T03:53:05Z
30848,2019-03-20T03:53:17Z,2019-03-20T04:40:58Z
30849,2019-03-20T04:41:06Z,2019-03-20T05:37:41Z
30850,2019-03-20T05:37:47Z,2019-03-20T06:28:26Z
30851,2019-03-20T06:28:43Z,2019-03-20T07:21:09Z
30852,2019-03-20T07:21:21Z,2019-03-20T08:12:41Z
30853,2019-03-20T08:12:49Z,2019-03-20T09:08:25Z
30854,2019-03-20T09:08:32Z,2019-03-20T10:01:42Z
30855,2019-03-20T10:01:47Z,2019-03-20T10:51:40Z
30856,2019-03-20T10:52:09Z,2019-03-20T11:44:32Z
30857,2019-03-20T11:44:35Z,2019-03-20T12:46:36Z
30858,2019-03-20T12:46:46Z,2019-03-20T13:35:14Z
30859,2019-03-20T13:35:51Z,2019-03-20T14:35:20Z
30860,2019-03-20T14:35:53Z,2019-03-20T15:31:00Z
30861,2019-03-20T15:31:04Z,2019-03-20T16:22:01Z
30862,2019-03-20T16:22:11Z,2019-03-20T17:12:34Z
30863,2019-03-20T17:12:44Z,2019-03-20T18:07:35Z
30864,2019-03-20T18:07:36Z,2019-03-20T18:59:07Z
30865,2019-03-20T18:59:17Z,2019-03-20T19:52:41Z
30866,2019-03-20T19:53:24Z,2019-03-20T20:45:06Z
30867,2019-03-20T20:45:22Z,2019-03-20T21:35:07Z
30868,2019-03-20T21:35:17Z,2019-03-20T22:32:00Z
30869,2019-03-20T22:32:21Z,2019-03-20T23:26:31Z
30870,2019-03-20T23:26:36Z,2019-03-21T00:18:57Z
30871,2019-03-21T00:19:18Z,2019-03-21T01:13:28Z
30872,2019-03-21T01:13:34Z,2019-03-21T02:01:53Z
30873,2019-03-21T02:02:04Z,2019-03-21T02:53:59Z
30874,2019-03-21T02:54:16Z,2019-03-21T03:52:10Z
30875,2019-03-21T03:52:36Z,2019-03-21T04:43:51Z
30876,2019-03-21T04:43:54Z,2019-03-21T05:39:03Z
30877,2019-03-21T05:39:15Z,2019-03-21T06:38:48Z
30878,2019-03-21T06:38:50Z,2019-03-21T07:34:28Z
30879,2019-03-21T07:34:40Z,2019-03-21T08:28:31Z
30880,2019-03-21T08:28:35Z,2019-03-21T09:23:49Z
30881,2019-03-21T09:23:58Z,2019-03-21T10:13:01Z
30882,2019-03-21T10:13:32Z,2019-03-21T11:06:16Z
30883,2019-03-21T11:06:19Z,2019-03-21T12:03:11Z
30884,2019-03-21T12:03:18Z,2019-03-21T12:59:04Z
30885,2019-03-21T12:59:19Z,2019-03-21T13:55:32Z
30886,2019-03-21T13:55:52Z,2019-03-21T14:47:12Z
30887,2019-03-21T14:47:22Z,2019-03-21T15:44:31Z
30888,2019-03-21T15:44:34Z,2019-03-21T16:39:17Z
30889,2019-03-21T16:39:18Z,2019-03-21T17:29:51Z
30890,2019-03-21T17:29:55Z,2019-03-21T18:24:23Z
30891,2019-03-21T18:24:54Z,2019-03-21T19:16:47Z
30892,2019-03-21T19:16:52Z,2019-03-21T20:10:44Z
30893,2019-03-21T20:10:54Z,2019-03-21T21:00:47Z
30894,2019-03-21T21:00:56Z,2019-03-21T21:56:16Z
30895,2019-03-21T21:57:44Z,2019-03-21T22:50:21Z
30896,2019-03-21T22:51:08Z,2019-03-21T23:48:44Z
30897,2019-03-21T23:49:05Z,2019-03-22T00:41:00Z
30898,2019-03-22T00:41:07Z,2019-03-22T01:36:40Z
30899,2019-03-22T01:36:47Z,2019-03-22T02:32:23Z
30900,2019-03-22T02:32:26Z,2019-03-22T03:25:42Z
30901,2019-03-22T03:26:02Z,2019-03-22T04:18:02Z
30902,2019-03-22T04:18:15Z,2019-03-22T05:08:05Z
30903,2019-03-22T05:08:16Z,2019-03-22T06:03:36Z
30904,2019-03-22T06:04:40Z,2019-03-22T07:00:20Z
30905,2019-03-22T07:00:50Z,2019-03-22T07:50:49Z
30906,2019-03-22T07:50:50Z,2019-03-22T08:39:51Z
30907,2019-03-22T08:39:53Z,2019-03-22T09:36:08Z
30908,2019-03-22T09:36:19Z,2019-03-22T10:33:16Z
30909,2019-03-22T10:33:22Z,2019-03-22T11:32:24Z
30910,2019-03-22T11:32:33Z,2019-03-22T12:26:56Z
30911,2019-03-22T12:27:19Z,2019-03-22T13:18:31Z
30912,2019-03-22T13:18:44Z,2019-03-22T14:11:55Z
30913,2019-03-22T14:11:57Z,2019-03-22T15:06:06Z
30914,2019-03-22T15:06:15Z,2019-03-22T15:55:05Z
30915,2019-03-22T15:55:06Z,2019-03-22T16:47:38Z
30916,2019-03-22T16:47:42Z,2019-03-22T17:47:03Z
30917,2019-03-22T17:47:14Z,2019-03-22T18:42:26Z
30918,2019-03-22T18:42:38Z,2019-03-22T19:33:19Z
30919,2019-03-22T19:33:33Z,2019-03-22T20:32:04Z
30920,2019-03-22T20:32:05Z,2019-03-22T21:26:46Z
30921,2019-03-22T21:27:00Z,2019-03-22T22:18:22Z
30922,2019-03-22T22:18:35Z,2019-03-22T23:12:43Z
30923,2019-03-22T23:13:14Z,2019-03-23T00:03:02Z
30924,2019-03-23T00:03:10Z,2019-03-23T00:55:08Z
30925,2019-03-23T00:55:31Z,2019-03-23T01:43:29Z
30926,2019-03-23T01:43:34Z,2019-03-23T02:39:09Z
30927,2019-03-23T02:39:15Z,2019-03-23T03:29:10Z
30928,2019-03-23T03:29:21Z,2019-03-23T04:25:57Z
30929,2019-03-23T04:26:02Z,2019-03-23T05:21:26Z
30930,2019-03-23T05:21:30Z,2019-03-23T06:18:26Z
30931,2019-03-23T06:18:38Z,2019-03-23T07:18:32Z
30932,2019-03-23T07:18:51Z,2019-03-23T08:12:25Z
30933,2019-03-23T08:12:49Z,2019-03-23T09:08:22Z
30934,2019-03-23T09:08:46Z,2019-03-23T10:04:49Z
30935,2019-03-23T10:04:54Z,2019-03-23T10:53:39Z
30936,2019-03-23T10:53:40Z,2019-03-23T11:46:36Z
30937,2019-03-23T11:46:38Z,2019-03-23T12:40:44Z
30938,2019-03-23T12:40:49Z,2019-03-23T13:30:16Z
30939,2019-03-23T13:30:23Z,2019-03-23T14:25:33Z
30940,2019-03-23T14:25:37Z,2019-03-23T15:15:13Z
30941,2019-03-23T15:15:29Z,2019-03-23T16:08:49Z
30942,2019-03-23T16:08:52Z,2019-03-23T17:04:44Z
30943,2019-03-23T17:04:58Z,2019-03-23T18:06:34Z
30944,2019-03-23T18:06:40Z,2019-03-23T19:05:12Z
30945,2019-03-23T19:05:26Z,2019-03-23T19:58:58Z
30946,2019-03-23T19:59:05Z,2019-03-23T20:51:16Z
30947,2019-03-23T20:51:43Z,2019-03-23T21:40:30Z
30948,2019-03-23T21:41:16Z,2019-03-23T22:31:56Z
30949,2019-03-23T22:32:03Z,2019-03-23T23:20:14Z
30950,2019-03-23T23:20:28Z,2019-03-24T00:14:47Z
30951,2019-03-24T00:15:03Z,2019-03-24T01:03:59Z
30952,2019-03-24T01:04:17Z,2019-03-24T02:02:54Z
30953,2019-03-24T02:03:02Z,2019-03-24T02:51:57Z
30954,2019-03-24T02:52:11Z,2019-03-24T03:44:58Z
30955,2019-03-24T03:45:09Z,2019-03-24T04:38:15Z
30956,2019-03-24T04:38:21Z,2019-03-24T05:34:29Z
30957,2019-03-24T05:35:40Z,2019-03-24T06:33:41Z
30958,2019-03-24T06:33:45Z,2019-03-24T07:28:25Z
30959,2019-03-24T07:28:32Z,2019-03-24T08:22:49Z
30960,2019-03-24T08:22:53Z,2019-03-24T09:17:20Z
30961,2019-03-24T09:17:52Z,2019-03-24T10:08:34Z
30962,2019-03-24T10:09:19Z,2019-03-24T10:59:48Z
30963,2019-03-24T10:59:54Z,2019-03-24T11:53:38Z
30964,2019-03-24T11:53:42Z,2019-03-24T12:46:36Z
30965,2019-03-24T12:46:39Z,2019-03-24T13:42:48Z
30966,2019-03-24T13:43:18Z,2019-03-24T14:34:28Z
30967,2019-03-24T14:34:44Z,2019-03-24T15:28:37Z
30968,2019-03-24T15:28:53Z,2019-03-24T16:21:58Z
30969,2019-03-24T16:22:08Z,2019-03-24T17:19:15Z
30970,2019-03-24T17:19:29Z,2019-03-24T18:15:37Z
30971,2019-03-24T18:15:47Z,2019-03-24T19:06:27Z
30972,2019-03-24T19:06:34Z,2019-03-24T19:59:45Z
30973,2019-03-24T19:59:47Z,2019-03-24T20:57:40Z
30974,2019-03-24T20:57:48Z,2019-03-24T21:46:50Z
30975,2019-03-24T21:48:10Z,2019-03-24T22:38:25Z
30976,2019-03-24T22:38:32Z,2019-03-24T23:34:16Z
30977,2019-03-24T23:34:28Z,2019-03-25T00:26:03Z
30978,2019-03-25T00:26:16Z,2019-03-25T01:16:47Z
30979,2019-03-25T01:16:49Z,2019-03-25T02:06:30Z
30980,2019-03-25T02:06:47Z,2019-03-25T02:58:44Z
30981,2019-03-25T02:59:03Z,2019-03-25T03:59:48Z
30982,2019-03-25T03:59:50Z,2019-03-25T04:57:58Z
30983,2019-03-25T04:58:01Z,2019-03-25T05:50:41Z
30984,2019-03-25T05:51:14Z,2019-03-25T06:39:01Z
30985,2019-03-25T06:39:08Z,2019-03-25T07:26:10Z
30986,2019-03-25T07:26:11Z,2019-03-25T08:22:43Z
30987,2019-03-25T08:22:45Z,2019-03-25T09:20:55Z
30988,2019-03-25T09:21:01Z,2019-03-25T10:12:53Z
30989,2019-03-25T10:13:15Z,2019-03-25T11:04:51Z
30990,2019-03-25T11:05:01Z,2019-03-25T12:01:01Z
30991,2019-03-25T12:01:06Z,2019-03-25T12:54:13Z
30992,2019-03-25T12:54:16Z,2019-03-25T13:47:41Z
30993,2019-03-25T13:47:42Z,2019-03-25T14:38:31Z
30994,2019-03-25T14:39:10Z,2019-03-25T15:38:24Z
30995,2019-03-25T15:38:28Z,2019-03-25T16:37:38Z
30996,2019-03-25T16:37:43Z,2019-03-25T17:25:31Z
30997,2019-03-25T17:25:37Z,2019-03-25T18:21:22Z
30998,2019-03-25T18:21:26Z,2019-03-25T19:15:42Z
30999,2019-03-25T19:16:17Z,2019-03-25T20:07:01Z
31000,2019-03-25T20:07:07Z,2019-03-25T21:01:59Z
31001,2019-03-25T21:02:25Z,2019-03-25T21:56:26Z
31002,2019-03-25T21:57:15Z,2019-03-25T22:54:06Z
31003,2019-03-25T22:54:07Z,2019-03-25T23:44:39Z
31004,2019-03-25T23:45:13Z,2019-03-26T00:36:27Z
31005,2019-03-26T00:36:39Z,2019-03-26T01:29:35Z
31006,2019-03-26T01:29:45Z,2019-03-26T02:21:12Z
31007,2019-03-26T02:21:14Z,2019-03-26T03:12:19Z
31008,2019-03-26T03:12:26Z,2019-03-26T04:08:02Z
31009,2019-03-26T04:08:19Z,2019-03-26T05:01:12Z
31010,2019-03-26T05:01:16Z,2019-03-26T05:57:20Z
31011,2019-03-26T05:57:32Z,2019-03-26T06:52:03Z
31012,2019-03-26T06:52:14Z,2019-03-26T07:44:14Z
31013,2019-03-26T07:44:35Z,2019-03-26T08:39:11Z
31014,2019-03-26T08:39:18Z,2019-03-26T09:36:47Z
31015,2019-03-26T09:36:56Z,2019-03-26T10:27:12Z
31016,2019-03-26T10:27:16Z,2019-03-26T11:24:08Z
31017,2019-03-26T11:24:15Z,2019-03-26T12:18:06Z
31018,2019-03-26T12:18:12Z,2019-03-26T13:17:10Z
31019,2019-03-26T13:17:22Z,2019-03-26T14:13:47Z
31020,2019-03-26T14:14:04Z,2019-03-26T15:10:13Z
31021,2019-03-26T15:10:25Z,2019-03-26T16:07:52Z
31022,2019-03-26T16:08:14Z,2019-03-26T17:02:18Z
31023,2019-03-26T17:02:22Z,2019-03-26T17:53:41Z
31024,2019-03-26T17:53:46Z,2019-03-26T18:47:10Z
31025,2019-03-26T18:47:27Z,2019-03-26T19:43:32Z
31026,2019-03-26T19:43:49Z,2019-03-26T20:37:30Z
31027,2019-03-26T20:38:00Z,2019-03-26T21:33:41Z
31028,2019-03-26T21:33:43Z,2019-03-26T22:25:26Z
31029,2019-03-26T22:25:33Z,2019-03-26T23:18:08Z
31030,2019-03-26T23:18:09Z,2019-03-27T00:14:07Z
31031,2019-03-27T00:14:12Z,2019-03-27T01:08:05Z
31032,2019-03-27T01:08:16Z,2019-03-27T02:02:06Z
31033,2019-03-27T02:02:19Z,2019-03-27T02:55:46Z
31034,2019-03-27T02:56:08Z,2019-03-27T03:50:20Z
31035,2019-03-27T03:50:34Z,2019-03-27T04:46:31Z
31036,2019-03-27T04:46:32Z,2019-03-27T05:38:50Z
31037,2019-03-27T05:39:00Z,2019-03-27T06:36:10Z
31038,2019-03-27T06:36:14Z,2019-03-27T07:33:20Z
31039,2019-03-27T07:33:25Z,2019-03-27T08:24:10Z
31040,2019-03-27T08:24:40Z,2019-03-27T09:21:37Z
31041,2019-03-27T09:21:44Z,2019-03-27T10:10:17Z
31042,2019-03-27T10:10:30Z,2019-03-27T11:00:18Z
31043,2019-03-27T11:00:21Z,2019-03-27T11:52:52Z
31044,2019-03-27T11:53:24Z,2019-03-27T12:45:08Z
31045,2019-03-27T12:45:23Z,2019-03-27T13:38:32Z
31046,2019-03-27T13:38:41Z,2019-03-27T14:33:27Z
31047,2019-03-27T14:33:35Z,2019-03-27T15:25:22Z
31048,2019-03-27T15:25:45Z,2019-03-27T16:13:35Z
31049,2019-03-27T16:14:11Z,2019-03-27T17:14:07Z
31050,2019-03-27T17:14:10Z,2019-03-27T18:03:07Z
31051,2019-03-27T18:03:58Z,2019-03-27T18:58:32Z
31052,2019-03-27T18:58:40Z,2019-03-27T19:49:54Z
31053,2019-03-27T19:49:59Z,2019-03-27T20:41:50Z
31054,2019-03-27T20:42:01Z,2019-03-27T21:33:37Z
31055,2019-03-27T21:34:31Z,2019-03-27T22:25:01Z
31056,2019-03-27T22:25:41Z,2019-03-27T23:21:29Z
31057,2019-03-27T23:21:40Z,2019-03-28T00:17:19Z
31058,2019-03-28T00:17:25Z,2019-03-28T01:11:06Z
31059,2019-03-28T01:11:19Z,2019-03-28T02:04:52Z
31060,2019-03-28T02:05:17Z,2019-03-28T03:05:29Z
31061,2019-03-28T03:05:34Z,2019-03-28T04:04:31Z
31062,2019-03-28T04:05:09Z,2019-03-28T04:59:05Z
31063,2019-03-28T04:59:12Z,2019-03-28T05:50:14Z
31064,2019-03-28T05:50:17Z,2019-03-28T06:50:18Z
31065,2019-03-28T06:50:23Z,2019-03-28T07:41:14Z
31066,2019-03-28T07:41:21Z,2019-03-28T08:33:40Z
31067,2019-03-28T08:33:43Z,2019-03-28T09:20:02Z
31068,2019-03-28T09:20:07Z,2019-03-28T10:12:09Z
31069,2019-03-28T10:12:16Z,2019-03-28T11:17:10Z
31070,2019-03-28T11:17:36Z,2019-03-28T12:08:30Z
31071,2019-03-28T12:08:36Z,2019-03-28T12:56:12Z
31072,2019-03-28T12:56:32Z,2019-03-28T13:54:05Z
31073,2019-03-28T13:54:16Z,2019-03-28T14:45:18Z
31074,2019-03-28T14:45:20Z,2019-03-28T15:42:16Z
31075,2019-03-28T15:42:20Z,2019-03-28T16:34:46Z
31076,2019-03-28T16:35:08Z,2019-03-28T17:28:01Z
31077,2019-03-28T17:28:10Z,2019-03-28T18:31:04Z
31078,2019-03-28T18:31:29Z,2019-03-28T19:26:38Z
31079,2019-03-28T19:26:41Z,2019-03-28T20:18:49Z
31080,2019-03-28T20:19:19Z,2019-03-28T21:14:38Z
31081,2019-03-28T21:15:08Z,2019-03-28T22:02:27Z
31082,2019-03-28T22:02:30Z,2019-03-28T22:55:47Z
31083,2019-03-28T22:56:26Z,2019-03-28T23:48:42Z
31084,2019-03-28T23:48:49Z,2019-03-29T00:36:57Z
31085,2019-03-29T00:37:00Z,2019-03-29T01:35:27Z
31086,2019-03-29T01:35:28Z,2019-03-29T02:26:00Z
31087,2019-03-29T02:26:06Z,2019-03-29T03:18:40Z
31088,2019-03-29T03:18:43Z,2019-03-29T04:18:30Z
31089,2019-03-29T04:18:34Z,2019-03-29T05:13:52Z
31090,2019-03-29T05:13:59Z,2019-03-29T06:10:10Z
31091,2019-03-29T06:11:02Z,2019-03-29T07:04:00Z
31092,2019-03-29T07:04:03Z,2019-03-29T07:59:47Z
31093,2019-03-29T07:59:49Z,2019-03-29T08:53:10Z
31094,2019-03-29T08:53:21Z,2019-03-29T09:44:09Z
31095,2019-03-29T09:44:14Z,2019-03-29T10:37:07Z
31096,2019-03-29T10:37:18Z,2019-03-29T11:31:53Z
31097,2019-03-29T11:32:01Z,2019-03-29T12:27:50Z
31098,2019-03-29T12:27:51Z,2019-03-29T13:21:35Z
31099,2019-03-29T13:21:52Z,2019-03-29T14:16:16Z
31100,2019-03-29T14:17:01Z,2019-03-29T15:13:36Z
31101,2019-03-29T15:13:40Z,2019-03-29T16:06:09Z
31102,2019-03-29T16:06:28Z,2019-03-29T17:00:49Z
31103,2019-03-29T17:01:09Z,2019-03-29T17:57:19Z
31104,2019-03-29T17:57:27Z,2019-03-29T18:50:31Z
31105,2019-03-29T18:50:36Z,2019-03-29T19:41:16Z
31106,2019-03-29T19:41:21Z,2019-03-29T20:36:09Z
31107,2019-03-29T20:36:11Z,2019-03-29T21:32:00Z
31108,2019-03-29T21:32:09Z,2019-03-29T22:25:38Z
31109,2019-03-29T22:25:42Z,2019-03-29T23:22:38Z
31110,2019-03-29T23:22:40Z,2019-03-30T00:12:47Z
31111,2019-03-30T00:12:54Z,2019-03-30T01:08:02Z
31112,2019-03-30T01:08:22Z,2019-03-30T02:00:37Z
31113,2019-03-30T02:00:42Z,2019-03-30T02:54:17Z
31114,2019-03-30T02:55:02Z,2019-03-30T03:53:20Z
31115,2019-03-30T03:53:22Z,2019-03-30T04:49:21Z
31116,2019-03-30T04:49:39Z,2019-03-30T05:41:16Z
31117,2019-03-30T05:41:30Z,2019-03-30T06:37:02Z
31118,2019-03-30T06:37:28Z,2019-03-30T07:31:16Z
31119,2019-03-30T07:31:21Z,2019-03-30T08:27:07Z
31120,2019-03-30T08:27:08Z,2019-03-30T09:27:12Z
31121,2019-03-30T09:27:21Z,2019-03-30T10:20:15Z
31122,2019-03-30T10:20:40Z,2019-03-30T11:16:58Z
31123,2019-03-30T11:17:37Z,2019-03-30T12:14:33Z
31124,2019-03-30T12:14:35Z,2019-03-30T13:12:58Z
31125,2019-03-30T13:13:08Z,2019-03-30T14:07:03Z
31126,2019-03-30T14:07:06Z,2019-03-30T15:01:39Z
31127,2019-03-30T15:01:51Z,2019-03-30T15:53:07Z
31128,2019-03-30T15:53:08Z,2019-03-30T16:44:58Z
31129,2019-03-30T16:45:18Z,2019-03-30T17:37:29Z
31130,2019-03-30T17:37:31Z,2019-03-30T18:32:43Z
31131,2019-03-30T18:33:14Z,2019-03-30T19:24:58Z
31132,2019-03-30T19:25:09Z,2019-03-30T20:21:42Z
31133,2019-03-30T20:21:47Z,2019-03-30T21:10:08Z
31134,2019-03-30T21:10:32Z,2019-03-30T22:05:12Z
31135,2019-03-30T22:05:23Z,2019-03-30T22:49:10Z
31136,2019-03-30T22:49:23Z,2019-03-30T23:45:28Z
31137,2019-03-30T23:45:33Z,2019-03-31T00:34:30Z
31138,2019-03-31T00:34:46Z,2019-03-31T01:35:51Z
31139,2019-03-31T01:36:09Z,2019-03-31T02:27:12Z
31140,2019-03-31T02:27:26Z,2019-03-31T03:25:07Z
31141,2019-03-31T03:25:24Z,2019-03-31T04:18:04Z
31142,2019-03-31T04:18:13Z,2019-03-31T05:13:06Z
31143,2019-03-31T05:13:11Z,2019-03-31T06:06:48Z
31144,2019-03-31T06:06:54Z,2019-03-31T07:01:11Z
31145,2019-03-31T07:01:14Z,2019-03-31T07:54:28Z
31146,2019-03-31T07:54:43Z,2019-03-31T08:51:23Z
31147,2019-03-31T08:51:30Z,2019-03-31T09:47:23Z
31148,2019-03-31T09:48:17Z,2019-03-31T10:45:55Z
31149,2019-03-31T10:45:58Z,2019-03-31T11:41:16Z
31150,2019-03-31T11:41:27Z,2019-03-31T12:33:38Z
31151,2019-03-31T12:33:52Z,2019-03-31T13:28:02Z
31152,2019-03-31T13:28:04Z,2019-03-31T14:16:15Z
31153,2019-03-31T14:16:25Z,2019-03-31T15:09:06Z
31154,2019-03-31T15:09:55Z,2019-03-31T15:56:02Z
31155,2019-03-31T15:56:07Z,2019-03-31T16:48:16Z
31156,2019-03-31T16:48:32Z,2019-03-31T17:43:50Z
31157,2019-03-31T17:44:01Z,2019-03-31T18:37:23Z
31158,2019-03-31T18:37:26Z,2019-03-31T19:32:59Z
31159,2019-03-31T19:33:13Z,2019-03-31T20:28:10Z
31160,2019-03-31T20:28:23Z,2019-03-31T21:22:58Z
31161,2019-03-31T21:23:15Z,2019-03-31T22:14:16Z
31162,2019-03-31T22:14:31Z,2019-03-31T23:02:38Z
31163,2019-03-31T23:02:42Z,2019-03-31T23:56:05Z
31164,2019-03-31T23:56:40Z,2019-03-31T23:59:46Z